Date,Horizon,HorizonIndex,Base,Modified,BaseFit,ModifiedFit,BaseCoefA,BaseCoefB,BaseCoefC,ModifiedCoefA,ModifiedCoefB,ModifiedCoefC,SourceED2,SourceValue,UpdatedAt
1994-02-04,FF2,-1,8.334166667,8.334166667,,,,,,,,,0.15,0.10001,
1994-02-04,ED2,0,12.5,12.5,12.51984127,12.51984127,0.03968253976,-0.5357142871,12.51984127,0.03968253976,-0.5357142871,12.51984127,0.15,0.15,2026-05-25T14:23:35+00:00
1994-02-04,ED3,1,11.66666667,11.66666667,12.02380952,12.02380952,0.03968253976,-0.5357142871,12.51984127,0.03968253976,-0.5357142871,12.51984127,0.15,0.14,2026-05-25T14:23:35+00:00
1994-02-04,ED4,2,12.5,12.5,11.60714286,11.60714286,0.03968253976,-0.5357142871,12.51984127,0.03968253976,-0.5357142871,12.51984127,0.15,0.15,2026-05-25T14:23:35+00:00
1994-02-04,ED5,3,10.83333333,10.83333333,11.26984127,11.26984127,0.03968253976,-0.5357142871,12.51984127,0.03968253976,-0.5357142871,12.51984127,0.15,0.13,2026-05-25T14:23:35+00:00
1994-02-04,ED6,4,10.83333333,10.83333333,11.01190476,11.01190476,0.03968253976,-0.5357142871,12.51984127,0.03968253976,-0.5357142871,12.51984127,0.15,0.13,2026-05-25T14:23:35+00:00
1994-02-04,ED7,5,10.83333333,10.83333333,10.83333333,10.83333333,0.03968253976,-0.5357142871,12.51984127,0.03968253976,-0.5357142871,12.51984127,0.15,0.13,2026-05-25T14:23:35+00:00
1994-02-04,ED8,6,10.83333333,10.83333333,10.73412698,10.73412698,0.03968253976,-0.5357142871,12.51984127,0.03968253976,-0.5357142871,12.51984127,0.15,0.13,2026-05-25T14:23:35+00:00
1994-03-22,FF2,-1,10,10,,,,,,,,,-0.05,-0.04,
1994-03-22,ED2,0,12.5,13.64037607,10.53571429,12.29176396,0.08928571429,-0.08928571429,10.53571429,0.1725148417,-0.8545128539,12.29176396,-0.05,-0.05,2026-05-25T14:24:43+00:00
1994-03-22,ED3,1,7.5,9.898179054,10.53571429,11.60976595,0.08928571429,-0.08928571429,10.53571429,0.1725148417,-0.8545128539,12.29176396,-0.05,-0.03,2026-05-25T14:24:43+00:00
1994-03-22,ED4,2,10,10,10.71428571,11.27279762,0.08928571429,-0.08928571429,10.53571429,0.1725148417,-0.8545128539,12.29176396,-0.05,-0.04,2026-05-25T14:24:43+00:00
1994-03-22,ED5,3,12.5,12.5,11.07142857,11.28085898,0.08928571429,-0.08928571429,10.53571429,0.1725148417,-0.8545128539,12.29176396,-0.05,-0.05,2026-05-25T14:24:43+00:00
1994-03-22,ED6,4,12.5,12.5,11.60714286,11.63395001,0.08928571429,-0.08928571429,10.53571429,0.1725148417,-0.8545128539,12.29176396,-0.05,-0.05,2026-05-25T14:24:43+00:00
1994-03-22,ED7,5,12.5,12.5,12.32142857,12.33207073,0.08928571429,-0.08928571429,10.53571429,0.1725148417,-0.8545128539,12.29176396,-0.05,-0.05,2026-05-25T14:24:43+00:00
1994-03-22,ED8,6,12.5,12.75787327,13.21428571,13.37522114,0.08928571429,-0.08928571429,10.53571429,0.1725148417,-0.8545128539,12.29176396,-0.05,-0.05,2026-05-25T14:24:43+00:00
1994-04-18,FF2,-1,11.11111111,11.11111111,,,,,,,,,0.09,0.08,
1994-04-18,ED2,0,12.5,12.5,12.43386243,12.43386243,-0.08267195771,0.04960317471,12.43386243,-0.08267195771,0.04960317471,12.43386243,0.09,0.09,
1994-04-18,ED3,1,11.11111111,11.11111111,12.40079365,12.40079365,-0.08267195771,0.04960317471,12.43386243,-0.08267195771,0.04960317471,12.43386243,0.09,0.08,
1994-04-18,ED4,2,15.27777778,15.27777778,12.20238095,12.20238095,-0.08267195771,0.04960317471,12.43386243,-0.08267195771,0.04960317471,12.43386243,0.09,0.11,
1994-04-18,ED5,3,9.722222222,9.722222222,11.83862434,11.83862434,-0.08267195771,0.04960317471,12.43386243,-0.08267195771,0.04960317471,12.43386243,0.09,0.07,
1994-04-18,ED6,4,11.11111111,11.11111111,11.30952381,11.30952381,-0.08267195771,0.04960317471,12.43386243,-0.08267195771,0.04960317471,12.43386243,0.09,0.08,
1994-04-18,ED7,5,11.11111111,11.11111111,10.61507936,10.61507936,-0.08267195771,0.04960317471,12.43386243,-0.08267195771,0.04960317471,12.43386243,0.09,0.08,
1994-04-18,ED8,6,9.722222222,9.722222222,9.755291004,9.755291004,-0.08267195771,0.04960317471,12.43386243,-0.08267195771,0.04960317471,12.43386243,0.09,0.07,
1994-05-17,FF2,-1,-10.41666667,-10.41666667,,,,,,,,,-0.06,0.05,
1994-05-17,ED2,0,12.5,12.5,11.70634921,11.70634921,-0.2480158727,3.422619047,11.70634921,-0.2480158727,3.422619047,11.70634921,-0.06,-0.06,
1994-05-17,ED3,1,14.58333333,14.58333333,14.88095238,14.88095238,-0.2480158727,3.422619047,11.70634921,-0.2480158727,3.422619047,11.70634921,-0.06,-0.07,
1994-05-17,ED4,2,14.58333333,14.58333333,17.55952381,17.55952381,-0.2480158727,3.422619047,11.70634921,-0.2480158727,3.422619047,11.70634921,-0.06,-0.07,
1994-05-17,ED5,3,22.91666667,22.91666667,19.74206349,19.74206349,-0.2480158727,3.422619047,11.70634921,-0.2480158727,3.422619047,11.70634921,-0.06,-0.11,
1994-05-17,ED6,4,20.83333333,20.83333333,21.42857143,21.42857143,-0.2480158727,3.422619047,11.70634921,-0.2480158727,3.422619047,11.70634921,-0.06,-0.1,
1994-05-17,ED7,5,22.91666667,22.91666667,22.61904762,22.61904762,-0.2480158727,3.422619047,11.70634921,-0.2480158727,3.422619047,11.70634921,-0.06,-0.11,
1994-05-17,ED8,6,22.91666667,22.91666667,23.31349207,23.31349207,-0.2480158727,3.422619047,11.70634921,-0.2480158727,3.422619047,11.70634921,-0.06,-0.11,
1994-08-16,FF2,-1,37.5,37.5,,,,,,,,,0.03,0.09,
1994-08-16,ED2,0,12.5,12.5,10.91269841,10.91269841,0.3968253968,-4.166666667,10.91269841,0.3968253968,-4.166666667,10.91269841,0.03,0.03,
1994-08-16,ED3,1,4.166666667,4.166666667,7.142857143,7.142857143,0.3968253968,-4.166666667,10.91269841,0.3968253968,-4.166666667,10.91269841,0.03,0.01,
1994-08-16,ED4,2,4.166666667,4.166666667,4.166666667,4.166666667,0.3968253968,-4.166666667,10.91269841,0.3968253968,-4.166666667,10.91269841,0.03,0.01,
1994-08-16,ED5,3,4.166666667,4.166666667,1.984126984,1.984126984,0.3968253968,-4.166666667,10.91269841,0.3968253968,-4.166666667,10.91269841,0.03,0.01,
1994-08-16,ED6,4,0,0,0.5952380954,0.5952380954,0.3968253968,-4.166666667,10.91269841,0.3968253968,-4.166666667,10.91269841,0.03,0,
1994-08-16,ED7,5,0,0,7.142553216e-11,7.142553216e-11,0.3968253968,-4.166666667,10.91269841,0.3968253968,-4.166666667,10.91269841,0.03,0,
1994-08-16,ED8,6,0,0,0.1984126983,0.1984126983,0.3968253968,-4.166666667,10.91269841,0.3968253968,-4.166666667,10.91269841,0.03,0,
1994-09-27,FF2,-1,45,45,,,,,,,,,-0.025,-0.09,
1994-09-27,ED2,0,12.5,12.5,12.20238095,12.20238095,0.8333333333,-6.964285714,12.20238095,0.8333333333,-6.964285714,12.20238095,-0.025,-0.025,
1994-09-27,ED3,1,5,5,6.071428571,6.071428571,0.8333333333,-6.964285714,12.20238095,0.8333333333,-6.964285714,12.20238095,-0.025,-0.01,
1994-09-27,ED4,2,2.5,2.5,1.607142857,1.607142857,0.8333333333,-6.964285714,12.20238095,0.8333333333,-6.964285714,12.20238095,-0.025,-0.005,
1994-09-27,ED5,3,-0,-0,-1.19047619,-1.19047619,0.8333333333,-6.964285714,12.20238095,0.8333333333,-6.964285714,12.20238095,-0.025,0,
1994-09-27,ED6,4,-5,-5,-2.321428571,-2.321428571,0.8333333333,-6.964285714,12.20238095,0.8333333333,-6.964285714,12.20238095,-0.025,0.01,
1994-09-27,ED7,5,-0,-0,-1.785714286,-1.785714286,0.8333333333,-6.964285714,12.20238095,0.8333333333,-6.964285714,12.20238095,-0.025,0,
1994-09-27,ED8,6,-0,-0,0.4166666667,0.4166666667,0.8333333333,-6.964285714,12.20238095,0.8333333333,-6.964285714,12.20238095,-0.025,0,
1994-11-15,FF2,-1,33.33333333,33.33333333,,,,,,,,,0.03,0.08,
1994-11-15,ED2,0,12.5,12.5,13.14484127,13.14484127,0.322420635,-3.49702381,13.14484127,0.322420635,-3.49702381,13.14484127,0.03,0.03,
1994-11-15,ED3,1,8.333333333,8.333333333,9.970238094,9.970238094,0.322420635,-3.49702381,13.14484127,0.322420635,-3.49702381,13.14484127,0.03,0.02,
1994-11-15,ED4,2,14.58333333,14.58333333,7.44047619,7.44047619,0.322420635,-3.49702381,13.14484127,0.322420635,-3.49702381,13.14484127,0.03,0.035,
1994-11-15,ED5,3,0,0,5.555555555,5.555555555,0.322420635,-3.49702381,13.14484127,0.322420635,-3.49702381,13.14484127,0.03,0,
1994-11-15,ED6,4,4.166666667,4.166666667,4.31547619,4.31547619,0.322420635,-3.49702381,13.14484127,0.322420635,-3.49702381,13.14484127,0.03,0.01,
1994-11-15,ED7,5,4.166666667,4.166666667,3.720238095,3.720238095,0.322420635,-3.49702381,13.14484127,0.322420635,-3.49702381,13.14484127,0.03,0.01,
1994-11-15,ED8,6,4.166666667,4.166666667,3.769841271,3.769841271,0.322420635,-3.49702381,13.14484127,0.322420635,-3.49702381,13.14484127,0.03,0.01,
1995-02-01,FF2,-1,5.357142857,5.357142857,,,,,,,,,0.07,0.02,
1995-02-01,ED2,0,12.5,12.5,12.24489796,12.24489796,0.1275510203,-0.6377551017,12.24489796,0.1275510203,-0.6377551017,12.24489796,0.07,0.07,
1995-02-01,ED3,1,12.5,12.5,11.73469388,11.73469388,0.1275510203,-0.6377551017,12.24489796,0.1275510203,-0.6377551017,12.24489796,0.07,0.07,
1995-02-01,ED4,2,10.71428571,10.71428571,11.47959184,11.47959184,0.1275510203,-0.6377551017,12.24489796,0.1275510203,-0.6377551017,12.24489796,0.07,0.06,
1995-02-01,ED5,3,8.928571429,8.928571429,11.47959184,11.47959184,0.1275510203,-0.6377551017,12.24489796,0.1275510203,-0.6377551017,12.24489796,0.07,0.05,
1995-02-01,ED6,4,12.5,12.5,11.73469388,11.73469388,0.1275510203,-0.6377551017,12.24489796,0.1275510203,-0.6377551017,12.24489796,0.07,0.07,
1995-02-01,ED7,5,16.07142857,16.07142857,12.24489796,12.24489796,0.1275510203,-0.6377551017,12.24489796,0.1275510203,-0.6377551017,12.24489796,0.07,0.09,
1995-02-01,ED8,6,10.71428571,10.71428571,13.01020408,13.01020408,0.1275510203,-0.6377551017,12.24489796,0.1275510203,-0.6377551017,12.24489796,0.07,0.06,
1995-03-28,FF2,-1,-6.25,-6.25,,,,,,,,,0.02,0,
1995-03-28,ED2,0,12.5,12.5,16.2202381,14.7838229,0.744047619,-3.571428571,16.2202381,0.02584002262,-0.5549566664,14.7838229,0.02,0.02,2026-05-25T14:23:17+00:00
1995-03-28,ED3,1,18.75,18.75,13.39285714,14.25470626,0.744047619,-3.571428571,16.2202381,0.02584002262,-0.5549566664,14.7838229,0.02,0.03,2026-05-25T14:23:17+00:00
1995-03-28,ED4,2,12.5,12.5,12.05357143,13.77726966,0.744047619,-3.571428571,16.2202381,0.02584002262,-0.5549566664,14.7838229,0.02,0.02,2026-05-25T14:23:17+00:00
1995-03-28,ED5,3,12.5,12.5,12.20238095,13.35151311,0.744047619,-3.571428571,16.2202381,0.02584002262,-0.5549566664,14.7838229,0.02,0.02,2026-05-25T14:23:17+00:00
1995-03-28,ED6,4,12.5,12.5,13.83928571,12.9774366,0.744047619,-3.571428571,16.2202381,0.02584002262,-0.5549566664,14.7838229,0.02,0.02,2026-05-25T14:23:17+00:00
1995-03-28,ED7,5,12.5,12.5,16.96428571,12.65504014,0.744047619,-3.571428571,16.2202381,0.02584002262,-0.5549566664,14.7838229,0.02,0.02,2026-05-25T14:23:17+00:00
1995-03-28,ED8,6,25,12.93411238,21.57738095,12.38432372,0.744047619,-3.571428571,16.2202381,0.02584002262,-0.5549566664,14.7838229,0.02,0.04,2026-05-25T14:23:17+00:00
1995-05-23,FF2,-1,-12.5,-12.5,,,,,,,,,-0.02,0.02,
1995-05-23,ED2,0,12.5,12.5,11.5327381,11.05707239,0.9672619048,-5.803571429,11.5327381,0.4131286594,-3.237220372,11.05707239,-0.02,-0.02,2026-05-25T14:23:38+00:00
1995-05-23,ED3,1,3.125,5.749142556,6.696428571,8.232980676,0.9672619048,-5.803571429,11.5327381,0.4131286594,-3.237220372,11.05707239,-0.02,-0.005,2026-05-25T14:23:38+00:00
1995-05-23,ED4,2,6.25,6.25,3.794642857,6.235146282,0.9672619048,-5.803571429,11.5327381,0.4131286594,-3.237220372,11.05707239,-0.02,-0.01,2026-05-25T14:23:38+00:00
1995-05-23,ED5,3,6.25,6.25,2.827380952,5.063569207,0.9672619048,-5.803571429,11.5327381,0.4131286594,-3.237220372,11.05707239,-0.02,-0.01,2026-05-25T14:23:38+00:00
1995-05-23,ED6,4,-0,4.264301798,3.794642857,4.71824945,0.9672619048,-5.803571429,11.5327381,0.4131286594,-3.237220372,11.05707239,-0.02,0,2026-05-25T14:23:38+00:00
1995-05-23,ED7,5,6.25,6.25,6.696428571,5.199187012,0.9672619048,-5.803571429,11.5327381,0.4131286594,-3.237220372,11.05707239,-0.02,-0.01,2026-05-25T14:23:38+00:00
1995-05-23,ED8,6,12.5,5.749142556,11.5327381,6.506381893,0.9672619048,-5.803571429,11.5327381,0.4131286594,-3.237220372,11.05707239,-0.02,-0.02,2026-05-25T14:23:38+00:00
1995-07-06,FF2,-1,5.092592593,5.092592593,,,,,,,,,-0.27,-0.1,
1995-07-06,ED2,0,12.5,12.5,12.68191138,12.68191138,-0.03306878292,-0.479530424,12.68191138,-0.03306878292,-0.479530424,12.68191138,-0.27,-0.27,
1995-07-06,ED3,1,12.26851852,12.26851852,12.16931217,12.16931217,-0.03306878292,-0.479530424,12.68191138,-0.03306878292,-0.479530424,12.68191138,-0.27,-0.265,
1995-07-06,ED4,2,11.57407407,11.57407407,11.5905754,11.5905754,-0.03306878292,-0.479530424,12.68191138,-0.03306878292,-0.479530424,12.68191138,-0.27,-0.25,
1995-07-06,ED5,3,11.57407407,11.57407407,10.94570106,10.94570106,-0.03306878292,-0.479530424,12.68191138,-0.03306878292,-0.479530424,12.68191138,-0.27,-0.25,
1995-07-06,ED6,4,10.18518519,10.18518519,10.23468915,10.23468915,-0.03306878292,-0.479530424,12.68191138,-0.03306878292,-0.479530424,12.68191138,-0.27,-0.22,
1995-07-06,ED7,5,8.33287037,8.33287037,9.457539682,9.457539682,-0.03306878292,-0.479530424,12.68191138,-0.03306878292,-0.479530424,12.68191138,-0.27,-0.17999,
1995-07-06,ED8,6,9.259259259,9.259259259,8.614252646,8.614252646,-0.03306878292,-0.479530424,12.68191138,-0.03306878292,-0.479530424,12.68191138,-0.27,-0.2,
1995-08-22,FF2,-1,9.378125,9.378125,,,,,,,,,0.04,0.03,
1995-08-22,ED2,0,12.5,12.5,15.10416667,15.10416667,-0.03720238095,-0.5580357143,15.10416667,-0.03720238095,-0.5580357143,15.10416667,0.04,0.04,
1995-08-22,ED3,1,18.75,18.75,14.50892857,14.50892857,-0.03720238095,-0.5580357143,15.10416667,-0.03720238095,-0.5580357143,15.10416667,0.04,0.06,
1995-08-22,ED4,2,12.5,12.5,13.83928571,13.83928571,-0.03720238095,-0.5580357143,15.10416667,-0.03720238095,-0.5580357143,15.10416667,0.04,0.04,
1995-08-22,ED5,3,15.625,15.625,13.0952381,13.0952381,-0.03720238095,-0.5580357143,15.10416667,-0.03720238095,-0.5580357143,15.10416667,0.04,0.05,
1995-08-22,ED6,4,9.375,9.375,12.27678571,12.27678571,-0.03720238095,-0.5580357143,15.10416667,-0.03720238095,-0.5580357143,15.10416667,0.04,0.03,
1995-08-22,ED7,5,9.375,9.375,11.38392857,11.38392857,-0.03720238095,-0.5580357143,15.10416667,-0.03720238095,-0.5580357143,15.10416667,0.04,0.03,
1995-08-22,ED8,6,12.5,12.5,10.41666667,10.41666667,-0.03720238095,-0.5580357143,15.10416667,-0.03720238095,-0.5580357143,15.10416667,0.04,0.04,
1995-09-26,FF2,-1,5.358928571,5.358928571,,,,,,,,,0.07,0.02,
1995-09-26,ED2,0,12.5,12.5,12.88265306,12.88265306,0.1913265306,-1.977040816,12.88265306,0.1913265306,-1.977040816,12.88265306,0.07,0.07,
1995-09-26,ED3,1,12.5,12.5,11.09693878,11.09693878,0.1913265306,-1.977040816,12.88265306,0.1913265306,-1.977040816,12.88265306,0.07,0.07,
1995-09-26,ED4,2,8.928571429,8.928571429,9.693877551,9.693877551,0.1913265306,-1.977040816,12.88265306,0.1913265306,-1.977040816,12.88265306,0.07,0.05,
1995-09-26,ED5,3,7.142857143,7.142857143,8.673469388,8.673469388,0.1913265306,-1.977040816,12.88265306,0.1913265306,-1.977040816,12.88265306,0.07,0.04,
1995-09-26,ED6,4,8.928571429,8.928571429,8.035714286,8.035714286,0.1913265306,-1.977040816,12.88265306,0.1913265306,-1.977040816,12.88265306,0.07,0.05,
1995-09-26,ED7,5,8.928571429,8.928571429,7.780612245,7.780612245,0.1913265306,-1.977040816,12.88265306,0.1913265306,-1.977040816,12.88265306,0.07,0.05,
1995-09-26,ED8,6,7.142857143,7.142857143,7.908163266,7.908163266,0.1913265306,-1.977040816,12.88265306,0.1913265306,-1.977040816,12.88265306,0.07,0.04,
1995-11-15,FF2,-1,10,10,,,,,,,,,0.025,0.02,
1995-11-15,ED2,0,12.5,12.5,12.67857143,12.67857143,0.3571428571,-1.964285714,12.67857143,0.3571428571,-1.964285714,12.67857143,0.025,0.025,
1995-11-15,ED3,1,10,10,11.07142857,11.07142857,0.3571428571,-1.964285714,12.67857143,0.3571428571,-1.964285714,12.67857143,0.025,0.02,
1995-11-15,ED4,2,12.5,12.5,10.17857143,10.17857143,0.3571428571,-1.964285714,12.67857143,0.3571428571,-1.964285714,12.67857143,0.025,0.025,
1995-11-15,ED5,3,10,10,10,10,0.3571428571,-1.964285714,12.67857143,0.3571428571,-1.964285714,12.67857143,0.025,0.02,
1995-11-15,ED6,4,10,10,10.53571429,10.53571429,0.3571428571,-1.964285714,12.67857143,0.3571428571,-1.964285714,12.67857143,0.025,0.02,
1995-11-15,ED7,5,10,10,11.78571429,11.78571429,0.3571428571,-1.964285714,12.67857143,0.3571428571,-1.964285714,12.67857143,0.025,0.02,
1995-11-15,ED8,6,15,15,13.75,13.75,0.3571428571,-1.964285714,12.67857143,0.3571428571,-1.964285714,12.67857143,0.025,0.03,
1995-12-19,FF2,-1,21.875,21.875,,,,,,,,,-0.04,-0.08,
1995-12-19,ED2,0,12.5,12.5,11.97916667,11.97916667,-0.2604166667,1.450892857,11.97916667,-0.2604166667,1.450892857,11.97916667,-0.04,-0.04,
1995-12-19,ED3,1,12.5,12.5,13.16964286,13.16964286,-0.2604166667,1.450892857,11.97916667,-0.2604166667,1.450892857,11.97916667,-0.04,-0.04,
1995-12-19,ED4,2,12.5,12.5,13.83928571,13.83928571,-0.2604166667,1.450892857,11.97916667,-0.2604166667,1.450892857,11.97916667,-0.04,-0.04,
1995-12-19,ED5,3,15.625,15.625,13.98809524,13.98809524,-0.2604166667,1.450892857,11.97916667,-0.2604166667,1.450892857,11.97916667,-0.04,-0.05,
1995-12-19,ED6,4,15.625,15.625,13.61607143,13.61607143,-0.2604166667,1.450892857,11.97916667,-0.2604166667,1.450892857,11.97916667,-0.04,-0.05,
1995-12-19,ED7,5,9.375,9.375,12.72321429,12.72321429,-0.2604166667,1.450892857,11.97916667,-0.2604166667,1.450892857,11.97916667,-0.04,-0.03,
1995-12-19,ED8,6,12.5,12.5,11.30952381,11.30952381,-0.2604166667,1.450892857,11.97916667,-0.2604166667,1.450892857,11.97916667,-0.04,-0.04,
1996-01-31,FF2,-1,12.5,12.5,,,,,,,,,-0.03,-0.03,
1996-01-31,ED2,0,12.5,12.5,14.28571429,14.28571429,-5.952369708e-10,0.5952380982,14.28571429,-5.952369708e-10,0.5952380982,14.28571429,-0.03,-0.03,
1996-01-31,ED3,1,16.66666667,16.66666667,14.88095238,14.88095238,-5.952369708e-10,0.5952380982,14.28571429,-5.952369708e-10,0.5952380982,14.28571429,-0.03,-0.04,
1996-01-31,ED4,2,16.66666667,16.66666667,15.47619048,15.47619048,-5.952369708e-10,0.5952380982,14.28571429,-5.952369708e-10,0.5952380982,14.28571429,-0.03,-0.04,
1996-01-31,ED5,3,16.66666667,16.66666667,16.07142858,16.07142858,-5.952369708e-10,0.5952380982,14.28571429,-5.952369708e-10,0.5952380982,14.28571429,-0.03,-0.04,
1996-01-31,ED6,4,16.66666667,16.66666667,16.66666667,16.66666667,-5.952369708e-10,0.5952380982,14.28571429,-5.952369708e-10,0.5952380982,14.28571429,-0.03,-0.04,
1996-01-31,ED7,5,12.5,12.5,17.26190476,17.26190476,-5.952369708e-10,0.5952380982,14.28571429,-5.952369708e-10,0.5952380982,14.28571429,-0.03,-0.03,
1996-01-31,ED8,6,20.83333333,20.83333333,17.85714285,17.85714285,-5.952369708e-10,0.5952380982,14.28571429,-5.952369708e-10,0.5952380982,14.28571429,-0.03,-0.05,
1996-03-26,FF2,-1,12.5,12.5,,,,,,,,,0.02,0.02,
1996-03-26,ED2,0,12.5,12.5,12.64880952,12.64880952,-1.264880952,6.473214286,12.64880952,-1.264880952,6.473214286,12.64880952,0.02,0.02,
1996-03-26,ED3,1,18.75,18.75,17.85714286,17.85714286,-1.264880952,6.473214286,12.64880952,-1.264880952,6.473214286,12.64880952,0.02,0.03,
1996-03-26,ED4,2,18.75,18.75,20.53571429,20.53571429,-1.264880952,6.473214286,12.64880952,-1.264880952,6.473214286,12.64880952,0.02,0.03,
1996-03-26,ED5,3,21.875,21.875,20.68452381,20.68452381,-1.264880952,6.473214286,12.64880952,-1.264880952,6.473214286,12.64880952,0.02,0.035,
1996-03-26,ED6,4,18.75,18.75,18.30357143,18.30357143,-1.264880952,6.473214286,12.64880952,-1.264880952,6.473214286,12.64880952,0.02,0.03,
1996-03-26,ED7,5,12.5,12.5,13.39285714,13.39285714,-1.264880952,6.473214286,12.64880952,-1.264880952,6.473214286,12.64880952,0.02,0.02,
1996-03-26,ED8,6,6.25,6.25,5.952380952,5.952380952,-1.264880952,6.473214286,12.64880952,-1.264880952,6.473214286,12.64880952,0.02,0.01,
1996-07-03,FF2,-1,20,20,,,,,,,,,-0.025,-0.04,
1996-07-03,ED2,0,12.5,12.5,11.42857143,11.42857143,0.7142857143,-3.928571429,11.42857143,0.7142857143,-3.928571429,11.42857143,-0.025,-0.025,
1996-07-03,ED3,1,7.5,7.5,8.214285714,8.214285714,0.7142857143,-3.928571429,11.42857143,0.7142857143,-3.928571429,11.42857143,-0.025,-0.015,
1996-07-03,ED4,2,5,5,6.428571429,6.428571429,0.7142857143,-3.928571429,11.42857143,0.7142857143,-3.928571429,11.42857143,-0.025,-0.01,
1996-07-03,ED5,3,5,5,6.071428571,6.071428571,0.7142857143,-3.928571429,11.42857143,0.7142857143,-3.928571429,11.42857143,-0.025,-0.01,
1996-07-03,ED6,4,10,10,7.142857143,7.142857143,0.7142857143,-3.928571429,11.42857143,0.7142857143,-3.928571429,11.42857143,-0.025,-0.02,
1996-07-03,ED7,5,10,10,9.642857143,9.642857143,0.7142857143,-3.928571429,11.42857143,0.7142857143,-3.928571429,11.42857143,-0.025,-0.02,
1996-07-03,ED8,6,12.5,12.5,13.57142857,13.57142857,0.7142857143,-3.928571429,11.42857143,0.7142857143,-3.928571429,11.42857143,-0.025,-0.025,
1996-09-24,FF2,-1,20.3125,20.3125,,,,,,,,,-0.08,-0.13,
1996-09-24,ED2,0,12.5,12.5,12.83482143,12.83482143,-0.1116071429,0.6696428571,12.83482143,-0.1116071429,0.6696428571,12.83482143,-0.08,-0.08,
1996-09-24,ED3,1,14.0625,14.0625,13.39285714,13.39285714,-0.1116071429,0.6696428571,12.83482143,-0.1116071429,0.6696428571,12.83482143,-0.08,-0.09,
1996-09-24,ED4,2,13.28125,13.28125,13.72767857,13.72767857,-0.1116071429,0.6696428571,12.83482143,-0.1116071429,0.6696428571,12.83482143,-0.08,-0.085,
1996-09-24,ED5,3,14.0625,14.0625,13.83928571,13.83928571,-0.1116071429,0.6696428571,12.83482143,-0.1116071429,0.6696428571,12.83482143,-0.08,-0.09,
1996-09-24,ED6,4,14.0625,14.0625,13.72767857,13.72767857,-0.1116071429,0.6696428571,12.83482143,-0.1116071429,0.6696428571,12.83482143,-0.08,-0.09,
1996-09-24,ED7,5,12.5,12.5,13.39285714,13.39285714,-0.1116071429,0.6696428571,12.83482143,-0.1116071429,0.6696428571,12.83482143,-0.08,-0.08,
1996-09-24,ED8,6,13.28125,13.28125,12.83482143,12.83482143,-0.1116071429,0.6696428571,12.83482143,-0.1116071429,0.6696428571,12.83482143,-0.08,-0.085,
1996-11-13,FF2,-1,-0,-0,,,,,,,,,-0.015,0,
1996-11-13,ED2,0,12.5,12.5,14.78174603,12.54637639,-0.4960317457,2.380952379,14.78174603,-0.887150116,5.789677138,12.54637639,-0.015,-0.015,2026-05-25T14:25:26+00:00
1996-11-13,ED3,1,16.66666667,16.66666667,16.66666667,17.44890341,-0.4960317457,2.380952379,14.78174603,-0.887150116,5.789677138,12.54637639,-0.015,-0.02,2026-05-25T14:25:26+00:00
1996-11-13,ED4,2,20.83333333,20.83333333,17.55952381,20.5771302,-0.4960317457,2.380952379,14.78174603,-0.887150116,5.789677138,12.54637639,-0.015,-0.025,2026-05-25T14:25:26+00:00
1996-11-13,ED5,3,25,25,17.46031746,21.93105676,-0.4960317457,2.380952379,14.78174603,-0.887150116,5.789677138,12.54637639,-0.015,-0.03,2026-05-25T14:25:26+00:00
1996-11-13,ED6,4,8.333333333,19.2846477,16.36904762,21.51068308,-0.4960317457,2.380952379,14.78174603,-0.887150116,5.789677138,12.54637639,-0.015,-0.01,2026-05-25T14:25:26+00:00
1996-11-13,ED7,5,8.333333333,17.72587967,14.28571429,19.31600918,-0.4960317457,2.380952379,14.78174603,-0.887150116,5.789677138,12.54637639,-0.015,-0.01,2026-05-25T14:25:26+00:00
1996-11-13,ED8,6,16.66666667,16.66666667,11.21031746,15.34703504,-0.4960317457,2.380952379,14.78174603,-0.887150116,5.789677138,12.54637639,-0.015,-0.02,2026-05-25T14:25:26+00:00
1997-03-25,FF2,-1,10.41666667,10.41666667,,,,,,,,,0.06,0.05,
1997-03-25,ED2,0,12.5,12.5,12.02876984,12.02876984,-0.161210317,0.7068452361,12.02876984,-0.161210317,0.7068452361,12.02876984,0.06,0.06,
1997-03-25,ED3,1,12.5,12.5,12.57440476,12.57440476,-0.161210317,0.7068452361,12.02876984,-0.161210317,0.7068452361,12.02876984,0.06,0.06,
1997-03-25,ED4,2,11.45833333,11.45833333,12.79761905,12.79761905,-0.161210317,0.7068452361,12.02876984,-0.161210317,0.7068452361,12.02876984,0.06,0.055,
1997-03-25,ED5,3,12.5,12.5,12.6984127,12.6984127,-0.161210317,0.7068452361,12.02876984,-0.161210317,0.7068452361,12.02876984,0.06,0.06,
1997-03-25,ED6,4,14.58333333,14.58333333,12.27678571,12.27678571,-0.161210317,0.7068452361,12.02876984,-0.161210317,0.7068452361,12.02876984,0.06,0.07,
1997-03-25,ED7,5,10.41666667,10.41666667,11.5327381,11.5327381,-0.161210317,0.7068452361,12.02876984,-0.161210317,0.7068452361,12.02876984,0.06,0.05,
1997-03-25,ED8,6,10.41666667,10.41666667,10.46626985,10.46626985,-0.161210317,0.7068452361,12.02876984,-0.161210317,0.7068452361,12.02876984,0.06,0.05,
1997-05-20,FF2,-1,21.42857143,21.42857143,,,,,,,,,-0.0525,-0.085,
1997-05-20,ED2,0,12.5,12.5,11.96145125,11.96145125,0.04960317493,-0.6590136071,11.96145125,0.04960317493,-0.6590136071,11.96145125,-0.0525,-0.0525,
1997-05-20,ED3,1,10.71428571,10.71428571,11.35204081,11.35204081,0.04960317493,-0.6590136071,11.96145125,0.04960317493,-0.6590136071,11.96145125,-0.0525,-0.045,
1997-05-20,ED4,2,10.71428571,10.71428571,10.84183673,10.84183673,0.04960317493,-0.6590136071,11.96145125,0.04960317493,-0.6590136071,11.96145125,-0.0525,-0.045,
1997-05-20,ED5,3,9.523809524,9.523809524,10.430839,10.430839,0.04960317493,-0.6590136071,11.96145125,0.04960317493,-0.6590136071,11.96145125,-0.0525,-0.04,
1997-05-20,ED6,4,11.9047619,11.9047619,10.11904762,10.11904762,0.04960317493,-0.6590136071,11.96145125,0.04960317493,-0.6590136071,11.96145125,-0.0525,-0.05,
1997-05-20,ED7,5,9.523809524,9.523809524,9.906462584,9.906462584,0.04960317493,-0.6590136071,11.96145125,0.04960317493,-0.6590136071,11.96145125,-0.0525,-0.04,
1997-05-20,ED8,6,9.523809524,9.523809524,9.793083901,9.793083901,0.04960317493,-0.6590136071,11.96145125,0.04960317493,-0.6590136071,11.96145125,-0.0525,-0.04,
1997-11-12,FF2,-1,12.5,12.5,,,,,,,,,-0.03,-0.04,
1997-11-12,ED2,0,12.5,12.5,12.02876984,12.02876984,-0.3100198414,2.046130954,12.02876984,-0.3100198414,2.046130954,12.02876984,-0.03,-0.03,
1997-11-12,ED3,1,12.5,12.5,13.76488095,13.76488095,-0.3100198414,2.046130954,12.02876984,-0.3100198414,2.046130954,12.02876984,-0.03,-0.03,
1997-11-12,ED4,2,15.625,15.625,14.88095238,14.88095238,-0.3100198414,2.046130954,12.02876984,-0.3100198414,2.046130954,12.02876984,-0.03,-0.0375,
1997-11-12,ED5,3,16.66666667,16.66666667,15.37698413,15.37698413,-0.3100198414,2.046130954,12.02876984,-0.3100198414,2.046130954,12.02876984,-0.03,-0.04,
1997-11-12,ED6,4,12.5,12.5,15.25297619,15.25297619,-0.3100198414,2.046130954,12.02876984,-0.3100198414,2.046130954,12.02876984,-0.03,-0.03,
1997-11-12,ED7,5,16.66666667,16.66666667,14.50892857,14.50892857,-0.3100198414,2.046130954,12.02876984,-0.3100198414,2.046130954,12.02876984,-0.03,-0.04,
1997-11-12,ED8,6,12.5,12.5,13.14484127,13.14484127,-0.3100198414,2.046130954,12.02876984,-0.3100198414,2.046130954,12.02876984,-0.03,-0.03,
1998-02-04,FF2,-1,4.166666667,4.166666667,,,,,,,,,0.015,0.03,
1998-02-04,ED2,0,12.5,12.5,15.4265873,15.4265873,0.7936507935,-3.720238094,15.4265873,0.7936507935,-3.720238094,15.4265873,0.015,0.015,
1998-02-04,ED3,1,14.58333333,14.58333333,12.5,12.5,0.7936507935,-3.720238094,15.4265873,0.7936507935,-3.720238094,15.4265873,0.015,0.0175,
1998-02-04,ED4,2,16.66666667,16.66666667,11.16071429,11.16071429,0.7936507935,-3.720238094,15.4265873,0.7936507935,-3.720238094,15.4265873,0.015,0.02,
1998-02-04,ED5,3,8.333333333,8.333333333,11.40873016,11.40873016,0.7936507935,-3.720238094,15.4265873,0.7936507935,-3.720238094,15.4265873,0.015,0.01,
1998-02-04,ED6,4,12.5,12.5,13.24404762,13.24404762,0.7936507935,-3.720238094,15.4265873,0.7936507935,-3.720238094,15.4265873,0.015,0.015,
1998-02-04,ED7,5,12.5,12.5,16.66666667,16.66666667,0.7936507935,-3.720238094,15.4265873,0.7936507935,-3.720238094,15.4265873,0.015,0.015,
1998-02-04,ED8,6,25,25,21.6765873,21.6765873,0.7936507935,-3.720238094,15.4265873,0.7936507935,-3.720238094,15.4265873,0.015,0.03,
1998-07-01,FF2,-1,8.333333333,8.333333333,,,,,,,,,-0.03,-0.02,
1998-07-01,ED2,0,12.5,12.5,11.72619048,11.72619048,-0.5952380957,6.130952383,11.72619048,-0.5952380957,6.130952383,11.72619048,-0.03,-0.03,
1998-07-01,ED3,1,16.66666667,16.66666667,17.26190476,17.26190476,-0.5952380957,6.130952383,11.72619048,-0.5952380957,6.130952383,11.72619048,-0.03,-0.04,
1998-07-01,ED4,2,18.75,18.75,21.60714286,21.60714286,-0.5952380957,6.130952383,11.72619048,-0.5952380957,6.130952383,11.72619048,-0.03,-0.045,
1998-07-01,ED5,3,29.16666667,29.16666667,24.76190476,24.76190476,-0.5952380957,6.130952383,11.72619048,-0.5952380957,6.130952383,11.72619048,-0.03,-0.07,
1998-07-01,ED6,4,25,25,26.72619048,26.72619048,-0.5952380957,6.130952383,11.72619048,-0.5952380957,6.130952383,11.72619048,-0.03,-0.06,
1998-07-01,ED7,5,,,,,-0.5952380957,6.130952383,11.72619048,-0.5952380957,6.130952383,11.72619048,-0.03,,
1998-07-01,ED8,6,,,,,-0.5952380957,6.130952383,11.72619048,-0.5952380957,6.130952383,11.72619048,-0.03,,
1998-10-15,FF2,-1,14.01515152,14.01515152,,,,,,,,,-0.165,-0.16,
1998-10-15,ED2,0,12.5,12.5,13.62734488,13.62734488,0.2254689757,-0.7034632043,13.62734488,0.2254689757,-0.7034632043,13.62734488,-0.165,-0.165,
1998-10-15,ED3,1,14.39393939,14.39393939,13.14935065,13.14935065,0.2254689757,-0.7034632043,13.62734488,0.2254689757,-0.7034632043,13.62734488,-0.165,-0.19,
1998-10-15,ED4,2,14.39393939,14.39393939,13.12229437,13.12229437,0.2254689757,-0.7034632043,13.62734488,0.2254689757,-0.7034632043,13.62734488,-0.165,-0.19,
1998-10-15,ED5,3,11.74242424,11.74242424,13.54617604,13.54617604,0.2254689757,-0.7034632043,13.62734488,0.2254689757,-0.7034632043,13.62734488,-0.165,-0.155,
1998-10-15,ED6,4,16.66666667,16.66666667,14.42099567,14.42099567,0.2254689757,-0.7034632043,13.62734488,0.2254689757,-0.7034632043,13.62734488,-0.165,-0.22,
1998-10-15,ED7,5,12.12121212,12.12121212,15.74675325,15.74675325,0.2254689757,-0.7034632043,13.62734488,0.2254689757,-0.7034632043,13.62734488,-0.165,-0.16,
1998-10-15,ED8,6,19.31818182,19.31818182,17.52344878,17.52344878,0.2254689757,-0.7034632043,13.62734488,0.2254689757,-0.7034632043,13.62734488,-0.165,-0.255,
1998-11-17,FF2,-1,18.75,18.75,,,,,,,,,-0.02,-0.03,
1998-11-17,ED2,0,12.5,12.83136741,6.733630952,8.333646799,0.744047619,-4.799107143,6.733630952,0.3626892167,-3.533626376,8.333646799,-0.02,-0.02,2026-05-25T14:31:36+00:00
1998-11-17,ED3,1,-3.125,0.03675880724,2.678571429,5.16270964,0.744047619,-4.799107143,6.733630952,0.3626892167,-3.533626376,8.333646799,-0.02,0.005,2026-05-25T14:31:36+00:00
1998-11-17,ED4,2,-3.125,-0.02387713751,0.1116071429,2.717150914,0.744047619,-4.799107143,6.733630952,0.3626892167,-3.533626376,8.333646799,-0.02,0.005,2026-05-25T14:31:36+00:00
1998-11-17,ED5,3,-6.25,-0.2747884999,-0.9672619048,0.9969706219,0.744047619,-4.799107143,6.733630952,0.3626892167,-3.533626376,8.333646799,-0.02,0.01,2026-05-25T14:31:36+00:00
1998-11-17,ED6,4,6.25,4.057313597,-0.5580357143,0.002168763151,0.744047619,-4.799107143,6.733630952,0.3626892167,-3.533626376,8.333646799,-0.02,-0.01,2026-05-25T14:31:36+00:00
1998-11-17,ED7,5,10.9375,5.045275738,1.339285714,-0.2672546621,0.744047619,-4.799107143,6.733630952,0.3626892167,-3.533626376,8.333646799,-0.02,-0.0175,2026-05-25T14:31:36+00:00
1998-11-17,ED8,6,-3.125,-4.537957493,4.724702381,0.1887003461,0.744047619,-4.799107143,6.733630952,0.3626892167,-3.533626376,8.333646799,-0.02,0.005,2026-05-25T14:31:36+00:00
1999-03-30,FF2,-1,2.5,2.5,,,,,,,,,-0.025,0,
1999-03-30,ED2,0,12.5,12.5,13.42261905,13.42261905,0.01488095238,0.04464285714,13.42261905,0.01488095238,0.04464285714,13.42261905,-0.025,-0.025,
1999-03-30,ED3,1,15,15,13.48214286,13.48214286,0.01488095238,0.04464285714,13.42261905,0.01488095238,0.04464285714,13.42261905,-0.025,-0.03,
1999-03-30,ED4,2,13.75,13.75,13.57142857,13.57142857,0.01488095238,0.04464285714,13.42261905,0.01488095238,0.04464285714,13.42261905,-0.025,-0.0275,
1999-03-30,ED5,3,12.5,12.5,13.69047619,13.69047619,0.01488095238,0.04464285714,13.42261905,0.01488095238,0.04464285714,13.42261905,-0.025,-0.025,
1999-03-30,ED6,4,15,15,13.83928571,13.83928571,0.01488095238,0.04464285714,13.42261905,0.01488095238,0.04464285714,13.42261905,-0.025,-0.03,
1999-03-30,ED7,5,12.5,12.5,14.01785714,14.01785714,0.01488095238,0.04464285714,13.42261905,0.01488095238,0.04464285714,13.42261905,-0.025,-0.025,
1999-03-30,ED8,6,15,15,14.22619048,14.22619048,0.01488095238,0.04464285714,13.42261905,0.01488095238,0.04464285714,13.42261905,-0.025,-0.03,
1999-05-18,FF2,-1,-1.630434783,-1.630434783,,,,,,,,,0.115,-0.01,
1999-05-18,ED2,0,12.5,12.5,14.1563147,13.43901259,-0.161749483,0.9510869589,14.1563147,-0.3410750112,2.206365656,13.43901259,0.115,0.115,2026-05-25T18:09:10+00:00
1999-05-18,ED3,1,16.30434783,16.30434783,14.94565218,15.30430323,-0.161749483,0.9510869589,14.1563147,-0.3410750112,2.206365656,13.43901259,0.115,0.15,2026-05-25T18:09:10+00:00
1999-05-18,ED4,2,17.39130435,17.39130435,15.41149069,16.48744386,-0.161749483,0.9510869589,14.1563147,-0.3410750112,2.206365656,13.43901259,0.115,0.16,2026-05-25T18:09:10+00:00
1999-05-18,ED5,3,16.84782609,16.84782609,15.55383023,16.98843446,-0.161749483,0.9510869589,14.1563147,-0.3410750112,2.206365656,13.43901259,0.115,0.155,2026-05-25T18:09:10+00:00
1999-05-18,ED6,4,10.86956522,15.89068001,15.37267081,16.80727503,-0.161749483,0.9510869589,14.1563147,-0.3410750112,2.206365656,13.43901259,0.115,0.1,2026-05-25T18:09:10+00:00
1999-05-18,ED7,5,15.2173913,15.2173913,14.86801242,15.94396559,-0.161749483,0.9510869589,14.1563147,-0.3410750112,2.206365656,13.43901259,0.115,0.14,2026-05-25T18:09:10+00:00
1999-05-18,ED8,6,15.2173913,15.2173913,14.03985507,14.39850612,-0.161749483,0.9510869589,14.1563147,-0.3410750112,2.206365656,13.43901259,0.115,0.14,2026-05-25T18:09:10+00:00
1999-06-30,FF2,-1,6.25,6.25,,,,,,,,,-0.1,-0.045,
1999-06-30,ED2,0,12.5,12.5,12.33630952,12.33630952,-0.2157738095,1.495535714,12.33630952,-0.2157738095,1.495535714,12.33630952,-0.1,-0.1,
1999-06-30,ED3,1,13.125,13.125,13.61607143,13.61607143,-0.2157738095,1.495535714,12.33630952,-0.2157738095,1.495535714,12.33630952,-0.1,-0.105,
1999-06-30,ED4,2,15,15,14.46428571,14.46428571,-0.2157738095,1.495535714,12.33630952,-0.2157738095,1.495535714,12.33630952,-0.1,-0.12,
1999-06-30,ED5,3,14.375,14.375,14.88095238,14.88095238,-0.2157738095,1.495535714,12.33630952,-0.2157738095,1.495535714,12.33630952,-0.1,-0.115,
1999-06-30,ED6,4,15.625,15.625,14.86607143,14.86607143,-0.2157738095,1.495535714,12.33630952,-0.2157738095,1.495535714,12.33630952,-0.1,-0.125,
1999-06-30,ED7,5,13.75,13.75,14.41964286,14.41964286,-0.2157738095,1.495535714,12.33630952,-0.2157738095,1.495535714,12.33630952,-0.1,-0.11,
1999-06-30,ED8,6,13.75,13.75,13.54166667,13.54166667,-0.2157738095,1.495535714,12.33630952,-0.2157738095,1.495535714,12.33630952,-0.1,-0.11,
1999-10-05,FF2,-1,-4.310344828,-4.310344828,,,,,,,,,0.0725,-0.025,
1999-10-05,ED2,0,12.5,12.5,13.30049261,13.30049261,-0.3232758619,1.770320196,13.30049261,-0.3232758619,1.770320196,13.30049261,0.0725,0.0725,
1999-10-05,ED3,1,16.37931034,16.37931034,14.74753694,14.74753694,-0.3232758619,1.770320196,13.30049261,-0.3232758619,1.770320196,13.30049261,0.0725,0.095,
1999-10-05,ED4,2,15.51724138,15.51724138,15.54802956,15.54802956,-0.3232758619,1.770320196,13.30049261,-0.3232758619,1.770320196,13.30049261,0.0725,0.09,
1999-10-05,ED5,3,14.22413793,14.22413793,15.70197044,15.70197044,-0.3232758619,1.770320196,13.30049261,-0.3232758619,1.770320196,13.30049261,0.0725,0.0825,
1999-10-05,ED6,4,15.51724138,15.51724138,15.2093596,15.2093596,-0.3232758619,1.770320196,13.30049261,-0.3232758619,1.770320196,13.30049261,0.0725,0.09,
1999-10-05,ED7,5,14.65517241,14.65517241,14.07019704,14.07019704,-0.3232758619,1.770320196,13.30049261,-0.3232758619,1.770320196,13.30049261,0.0725,0.085,
1999-10-05,ED8,6,12.06896552,12.06896552,12.28448276,12.28448276,-0.3232758619,1.770320196,13.30049261,-0.3232758619,1.770320196,13.30049261,0.0725,0.07,
1999-11-16,FF2,-1,14.16666667,14.16666667,,,,,,,,,0.075,0.085,
1999-11-16,ED2,0,12.5,12.5,12.88690476,12.88690476,0.01488095238,-1.443452381,12.88690476,0.01488095238,-1.443452381,12.88690476,0.075,0.075,
1999-11-16,ED3,1,11.66666667,11.66666667,11.45833333,11.45833333,0.01488095238,-1.443452381,12.88690476,0.01488095238,-1.443452381,12.88690476,0.075,0.07,
1999-11-16,ED4,2,10,10,10.05952381,10.05952381,0.01488095238,-1.443452381,12.88690476,0.01488095238,-1.443452381,12.88690476,0.075,0.06,
1999-11-16,ED5,3,10,10,8.690476191,8.690476191,0.01488095238,-1.443452381,12.88690476,0.01488095238,-1.443452381,12.88690476,0.075,0.06,
1999-11-16,ED6,4,7.5,7.5,7.351190476,7.351190476,0.01488095238,-1.443452381,12.88690476,0.01488095238,-1.443452381,12.88690476,0.075,0.045,
1999-11-16,ED7,5,3.333333333,3.333333333,6.041666667,6.041666667,0.01488095238,-1.443452381,12.88690476,0.01488095238,-1.443452381,12.88690476,0.075,0.02,
1999-11-16,ED8,6,6.25,6.25,4.761904762,4.761904762,0.01488095238,-1.443452381,12.88690476,0.01488095238,-1.443452381,12.88690476,0.075,0.0375,
1999-12-21,FF2,-1,-2.777777778,-2.777777778,,,,,,,,,0.045,-0.01,
1999-12-21,ED2,0,12.5,12.5,11.83862434,11.83862434,-0.0826719575,0.7440476182,11.83862434,-0.0826719575,0.7440476182,11.83862434,0.045,0.045,
1999-12-21,ED3,1,11.11111111,11.11111111,12.5,12.5,-0.0826719575,0.7440476182,11.83862434,-0.0826719575,0.7440476182,11.83862434,0.045,0.04,
1999-12-21,ED4,2,13.88888889,13.88888889,12.99603175,12.99603175,-0.0826719575,0.7440476182,11.83862434,-0.0826719575,0.7440476182,11.83862434,0.045,0.05,
1999-12-21,ED5,3,13.19444444,13.19444444,13.32671958,13.32671958,-0.0826719575,0.7440476182,11.83862434,-0.0826719575,0.7440476182,11.83862434,0.045,0.0475,
1999-12-21,ED6,4,12.5,12.5,13.49206349,13.49206349,-0.0826719575,0.7440476182,11.83862434,-0.0826719575,0.7440476182,11.83862434,0.045,0.045,
1999-12-21,ED7,5,15.27777778,15.27777778,13.49206349,13.49206349,-0.0826719575,0.7440476182,11.83862434,-0.0826719575,0.7440476182,11.83862434,0.045,0.055,
1999-12-21,ED8,6,12.5,12.5,13.32671958,13.32671958,-0.0826719575,0.7440476182,11.83862434,-0.0826719575,0.7440476182,11.83862434,0.045,0.045,
2000-05-16,FF2,-1,11.9047619,11.9047619,,,,,,,,,0.0525,0.05,
2000-05-16,ED2,0,12.5,12.5,15.90136054,12.83979775,0.7015306124,-6.101190477,15.90136054,0.207940761,-1.558858127,12.83979775,0.0525,0.0525,2026-05-25T14:32:03+00:00
2000-05-16,ED3,1,11.9047619,11.9047619,10.50170068,11.48888038,0.7015306124,-6.101190477,15.90136054,0.207940761,-1.558858127,12.83979775,0.0525,0.05,2026-05-25T14:32:03+00:00
2000-05-16,ED4,2,10.71428571,10.71428571,6.505102039,10.55384454,0.7015306124,-6.101190477,15.90136054,0.207940761,-1.558858127,12.83979775,0.0525,0.045,2026-05-25T14:32:03+00:00
2000-05-16,ED5,3,10.11904762,10.11904762,3.911564624,10.03469022,0.7015306124,-6.101190477,15.90136054,0.207940761,-1.558858127,12.83979775,0.0525,0.0425,2026-05-25T14:32:03+00:00
2000-05-16,ED6,4,-4.166666667,9.653849173,2.721088434,9.931417416,0.7015306124,-6.101190477,15.90136054,0.207940761,-1.558858127,12.83979775,0.0525,-0.0175,2026-05-25T14:32:03+00:00
2000-05-16,ED7,5,-5.357142857,9.863704603,2.933673469,10.24402614,0.7015306124,-6.101190477,15.90136054,0.207940761,-1.558858127,12.83979775,0.0525,-0.0225,2026-05-25T14:32:03+00:00
2000-05-16,ED8,6,11.30952381,11.30952381,4.549319729,10.97251638,0.7015306124,-6.101190477,15.90136054,0.207940761,-1.558858127,12.83979775,0.0525,0.0475,2026-05-25T14:32:03+00:00
2000-06-28,FF2,-1,8.333333333,8.333333333,,,,,,,,,-0.03,-0.02,
2000-06-28,ED2,0,12.5,12.5,14.53373016,13.92872803,-0.3596230162,2.26934524,14.53373016,-0.4345348176,3.099082772,13.92872803,-0.03,-0.03,2026-05-25T14:32:11+00:00
2000-06-28,ED3,1,18.75,18.75,16.44345238,16.59327598,-0.3596230162,2.26934524,14.53373016,-0.4345348176,3.099082772,13.92872803,-0.03,-0.045,2026-05-25T14:32:11+00:00
2000-06-28,ED4,2,18.75,18.75,17.63392857,18.3887543,-0.3596230162,2.26934524,14.53373016,-0.4345348176,3.099082772,13.92872803,-0.03,-0.045,2026-05-25T14:32:11+00:00
2000-06-28,ED5,3,18.75,18.75,18.10515873,19.31516299,-0.3596230162,2.26934524,14.53373016,-0.4345348176,3.099082772,13.92872803,-0.03,-0.045,2026-05-25T14:32:11+00:00
2000-06-28,ED6,4,16.66666667,18.76419711,17.85714286,19.37250204,-0.3596230162,2.26934524,14.53373016,-0.4345348176,3.099082772,13.92872803,-0.03,-0.04,2026-05-25T14:32:11+00:00
2000-06-28,ED7,5,13.54166667,17.81663558,16.88988095,18.56077145,-0.3596230162,2.26934524,14.53373016,-0.4345348176,3.099082772,13.92872803,-0.03,-0.0325,2026-05-25T14:32:11+00:00
2000-06-28,ED8,6,17.70833333,17.70833333,15.20337301,16.87997123,-0.3596230162,2.26934524,14.53373016,-0.4345348176,3.099082772,13.92872803,-0.03,-0.0425,2026-05-25T14:32:11+00:00
2000-08-22,FF2,-1,-4.166666667,-4.166666667,,,,,,,,,0.015,-0.005,
2000-08-22,ED2,0,12.5,12.5,13.39285714,12.94721884,-0.7440476192,3.720238096,13.39285714,-0.5767393255,3.345056336,12.94721884,0.015,0.015,2026-05-25T14:32:23+00:00
2000-08-22,ED3,1,16.66666667,16.66666667,16.36904762,15.71553585,-0.7440476192,3.720238096,13.39285714,-0.5767393255,3.345056336,12.94721884,0.015,0.02,2026-05-25T14:32:23+00:00
2000-08-22,ED4,2,16.66666667,16.66666667,17.85714286,17.33037421,-0.7440476192,3.720238096,13.39285714,-0.5767393255,3.345056336,12.94721884,0.015,0.02,2026-05-25T14:32:23+00:00
2000-08-22,ED5,3,25,18.30320106,17.85714286,17.79173391,-0.7440476192,3.720238096,13.39285714,-0.5767393255,3.345056336,12.94721884,0.015,0.03,2026-05-25T14:32:23+00:00
2000-08-22,ED6,4,12.5,16.74443303,16.36904762,17.09961497,-0.7440476192,3.720238096,13.39285714,-0.5767393255,3.345056336,12.94721884,0.015,0.015,2026-05-25T14:32:23+00:00
2000-08-22,ED7,5,8.333333333,15.01246885,13.39285714,15.25401738,-0.7440476192,3.720238096,13.39285714,-0.5767393255,3.345056336,12.94721884,0.015,0.01,2026-05-25T14:32:23+00:00
2000-08-22,ED8,6,12.5,12.5,8.928571428,12.25494113,-0.7440476192,3.720238096,13.39285714,-0.5767393255,3.345056336,12.94721884,0.015,0.015,2026-05-25T14:32:23+00:00
2000-10-03,FF2,-1,0,0,,,,,,,,,0.035,0.005,
2000-10-03,ED2,0,12.5,12.5,13.20153061,12.69681719,-0.4783163268,3.922193879,13.20153061,-0.5411543113,4.565150871,12.69681719,0.035,0.035,2026-05-25T14:32:33+00:00
2000-10-03,ED3,1,16.07142857,16.07142857,16.64540816,16.72081375,-0.4783163268,3.922193879,13.20153061,-0.5411543113,4.565150871,12.69681719,0.035,0.045,2026-05-25T14:32:33+00:00
2000-10-03,ED4,2,21.42857143,21.42857143,19.13265306,19.66250168,-0.4783163268,3.922193879,13.20153061,-0.5411543113,4.565150871,12.69681719,0.035,0.06,2026-05-25T14:32:33+00:00
2000-10-03,ED5,3,21.42857143,21.42857143,20.66326531,21.521881,-0.4783163268,3.922193879,13.20153061,-0.5411543113,4.565150871,12.69681719,0.035,0.06,2026-05-25T14:32:33+00:00
2000-10-03,ED6,4,21.42857143,21.42857143,21.2372449,22.29895169,-0.4783163268,3.922193879,13.20153061,-0.5411543113,4.565150871,12.69681719,0.035,0.06,2026-05-25T14:32:33+00:00
2000-10-03,ED7,5,16.07142857,21.37795297,20.85459184,21.99371376,-0.4783163268,3.922193879,13.20153061,-0.5411543113,4.565150871,12.69681719,0.035,0.045,2026-05-25T14:32:33+00:00
2000-10-03,ED8,6,22.32142857,21.26575043,19.51530612,20.6061672,-0.4783163268,3.922193879,13.20153061,-0.5411543113,4.565150871,12.69681719,0.035,0.0625,2026-05-25T14:32:33+00:00
2000-12-19,FF2,-1,22.22222222,22.22222222,,,,,,,,,0.0225,0.045,
2000-12-19,ED2,0,12.5,15.90602708,4.761904762,12.66229097,0.04960317448,1.835317461,4.761904762,0.5509697651,-5.426204797,12.66229097,0.0225,0.0225,2026-05-25T14:34:16+00:00
2000-12-19,ED3,1,4.166666667,4.166666667,6.646825397,7.787055936,0.04960317448,1.835317461,4.761904762,0.5509697651,-5.426204797,12.66229097,0.0225,0.0075,2026-05-25T14:34:16+00:00
2000-12-19,ED4,2,-2.777777778,0.05034227489,8.630952381,4.013760435,0.04960317448,1.835317461,4.761904762,0.5509697651,-5.426204797,12.66229097,0.0225,-0.005,2026-05-25T14:34:16+00:00
2000-12-19,ED5,3,-2.777777778,5.121302606,10.71428571,1.342404463,0.04960317448,1.835317461,4.761904762,0.5509697651,-5.426204797,12.66229097,0.0225,-0.005,2026-05-25T14:34:16+00:00
2000-12-19,ED6,4,30.55555556,-0.2353464368,12.8968254,-0.2270119782,0.04960317448,1.835317461,4.761904762,0.5509697651,-5.426204797,12.66229097,0.0225,0.055,2026-05-25T14:34:16+00:00
2000-12-19,ED7,5,31.94444444,2.478687912,15.17857143,-0.6944888893,0.04960317448,1.835317461,4.761904762,0.5509697651,-5.426204797,12.66229097,0.0225,0.0575,2026-05-25T14:34:16+00:00
2000-12-19,ED8,6,2.777777778,-2.663695439,17.55952381,-0.0600262703,0.04960317448,1.835317461,4.761904762,0.5509697651,-5.426204797,12.66229097,0.0225,0.005,2026-05-25T14:34:16+00:00
2001-01-03,FF2,-1,17.12962963,17.12962963,,,,,,,,,-0.135,-0.175,
2001-01-03,ED2,0,12.5,12.5,12.31261023,12.31261023,0.2369929453,-2.827380952,12.31261023,0.2369929453,-2.827380952,12.31261023,-0.135,-0.135,
2001-01-03,ED3,1,9.722222222,9.722222222,9.722222222,9.722222222,0.2369929453,-2.827380952,12.31261023,0.2369929453,-2.827380952,12.31261023,-0.135,-0.105,
2001-01-03,ED4,2,7.407407407,7.407407407,7.605820106,7.605820106,0.2369929453,-2.827380952,12.31261023,0.2369929453,-2.827380952,12.31261023,-0.135,-0.08,
2001-01-03,ED5,3,5.324074074,5.324074074,5.96340388,5.96340388,0.2369929453,-2.827380952,12.31261023,0.2369929453,-2.827380952,12.31261023,-0.135,-0.0575,
2001-01-03,ED6,4,5.092592593,5.092592593,4.794973545,4.794973545,0.2369929453,-2.827380952,12.31261023,0.2369929453,-2.827380952,12.31261023,-0.135,-0.055,
2001-01-03,ED7,5,5.092592593,5.092592593,4.100529101,4.100529101,0.2369929453,-2.827380952,12.31261023,0.2369929453,-2.827380952,12.31261023,-0.135,-0.055,
2001-01-03,ED8,6,3.240740741,3.240740741,3.880070547,3.880070547,0.2369929453,-2.827380952,12.31261023,0.2369929453,-2.827380952,12.31261023,-0.135,-0.035,
2001-01-31,FF2,-1,-30,-30,,,,,,,,,-0.0125,0.03,
2001-01-31,ED2,0,12.5,12.5,12.91666667,13.70505371,-3.541666667,21.875,12.91666667,-2.156493088,18.40057299,13.70505371,-0.0125,-0.0125,2026-05-25T18:10:47+00:00
2001-01-31,ED3,1,30,30,31.25,29.94913361,-3.541666667,21.875,12.91666667,-2.156493088,18.40057299,13.70505371,-0.0125,-0.03,2026-05-25T18:10:47+00:00
2001-01-31,ED4,2,45,45,42.5,41.88022734,-3.541666667,21.875,12.91666667,-2.156493088,18.40057299,13.70505371,-0.0125,-0.045,2026-05-25T18:10:47+00:00
2001-01-31,ED5,3,50,50,46.66666667,49.49833489,-3.541666667,21.875,12.91666667,-2.156493088,18.40057299,13.70505371,-0.0125,-0.05,2026-05-25T18:10:47+00:00
2001-01-31,ED6,4,37.5,50.14696672,43.75,52.80345627,-3.541666667,21.875,12.91666667,-2.156493088,18.40057299,13.70505371,-0.0125,-0.0375,2026-05-25T18:10:47+00:00
2001-01-31,ED7,5,35,50.10047491,33.75,51.79559147,-3.541666667,21.875,12.91666667,-2.156493088,18.40057299,13.70505371,-0.0125,-0.035,2026-05-25T18:10:47+00:00
2001-01-31,ED8,6,17.5,48.35909615,16.66666667,46.47474049,-3.541666667,21.875,12.91666667,-2.156493088,18.40057299,13.70505371,-0.0125,-0.0175,2026-05-25T18:10:47+00:00
2001-03-20,FF2,-1,-4.807692308,-4.807692308,,,,,,,,,-0.065,0.0275,
2001-03-20,ED2,0,12.5,12.5,13.16391941,13.16391941,-0.4063644694,2.455357145,13.16391941,-0.4063644694,2.455357145,13.16391941,-0.065,-0.065,
2001-03-20,ED3,1,16.34615385,16.34615385,15.21291209,15.21291209,-0.4063644694,2.455357145,13.16391941,-0.4063644694,2.455357145,13.16391941,-0.065,-0.085,
2001-03-20,ED4,2,15.86538462,15.86538462,16.44917583,16.44917583,-0.4063644694,2.455357145,13.16391941,-0.4063644694,2.455357145,13.16391941,-0.065,-0.0825,
2001-03-20,ED5,3,17.78846154,17.78846154,16.87271063,16.87271063,-0.4063644694,2.455357145,13.16391941,-0.4063644694,2.455357145,13.16391941,-0.065,-0.0925,
2001-03-20,ED6,4,15.86538462,15.86538462,16.48351649,16.48351649,-0.4063644694,2.455357145,13.16391941,-0.4063644694,2.455357145,13.16391941,-0.065,-0.0825,
2001-03-20,ED7,5,14.42307692,14.42307692,15.28159341,15.28159341,-0.4063644694,2.455357145,13.16391941,-0.4063644694,2.455357145,13.16391941,-0.065,-0.075,
2001-03-20,ED8,6,13.94230769,13.94230769,13.26694139,13.26694139,-0.4063644694,2.455357145,13.16391941,-0.4063644694,2.455357145,13.16391941,-0.065,-0.0725,
2001-04-18,FF2,-1,-14.02777778,-14.02777778,,,,,,,,,-0.45,-0.425,
2001-04-18,ED2,0,12.5,12.5,12.4239418,12.69046909,0.2397486773,-1.959325397,12.4239418,0.1064850322,-1.293007171,12.69046909,-0.45,-0.45,2026-05-25T14:35:37+00:00
2001-04-18,ED3,1,12.22222222,12.22222222,10.70436508,11.50394695,0.2397486773,-1.959325397,12.4239418,0.1064850322,-1.293007171,12.69046909,-0.45,-0.44,2026-05-25T14:35:37+00:00
2001-04-18,ED4,2,6.111111111,9.842493173,9.464285714,10.53039487,0.2397486773,-1.959325397,12.4239418,0.1064850322,-1.293007171,12.69046909,-0.45,-0.22,2026-05-25T14:35:37+00:00
2001-04-18,ED5,3,9.583333333,9.583333333,8.703703703,9.769812864,0.2397486773,-1.959325397,12.4239418,0.1064850322,-1.293007171,12.69046909,-0.45,-0.345,2026-05-25T14:35:37+00:00
2001-04-18,ED6,4,9.583333333,9.583333333,8.422619047,9.222200918,0.2397486773,-1.959325397,12.4239418,0.1064850322,-1.293007171,12.69046909,-0.45,-0.345,2026-05-25T14:35:37+00:00
2001-04-18,ED7,5,9.027777778,9.027777778,8.621031746,8.887559036,0.2397486773,-1.959325397,12.4239418,0.1064850322,-1.293007171,12.69046909,-0.45,-0.325,2026-05-25T14:35:37+00:00
2001-04-18,ED8,6,8.611111111,8.611111111,9.298941799,8.765887219,0.2397486773,-1.959325397,12.4239418,0.1064850322,-1.293007171,12.69046909,-0.45,-0.31,2026-05-25T14:35:37+00:00
2001-05-15,FF2,-1,7.727272727,7.727272727,,,,,,,,,-0.1375,-0.09,
2001-05-15,ED2,0,12.5,12.5,13.05194805,12.50027624,-0.04058441564,-0.4301948051,13.05194805,-0.3095653248,1.347821194,12.50027624,-0.1375,-0.1375,2026-05-25T14:35:49+00:00
2001-05-15,ED3,1,11.81818182,13.28608693,12.58116883,13.53853211,-0.04058441564,-0.4301948051,13.05194805,-0.3095653248,1.347821194,12.50027624,-0.1375,-0.13,2026-05-25T14:35:49+00:00
2001-05-15,ED4,2,14.31818182,14.31818182,12.02922078,13.95765733,-0.04058441564,-0.4301948051,13.05194805,-0.3095653248,1.347821194,12.50027624,-0.1375,-0.1575,2026-05-25T14:35:49+00:00
2001-05-15,ED5,3,14.09090909,14.09090909,11.3961039,13.7576519,-0.04058441564,-0.4301948051,13.05194805,-0.3095653248,1.347821194,12.50027624,-0.1375,-0.155,2026-05-25T14:35:49+00:00
2001-05-15,ED6,4,4.772727273,12.30419273,10.68181818,12.93851582,-0.04058441564,-0.4301948051,13.05194805,-0.3095653248,1.347821194,12.50027624,-0.1375,-0.0525,2026-05-25T14:35:49+00:00
2001-05-15,ED7,5,11.59090909,11.59090909,9.886363636,11.50024909,-0.04058441564,-0.4301948051,13.05194805,-0.3095653248,1.347821194,12.50027624,-0.1375,-0.1275,2026-05-25T14:35:49+00:00
2001-05-15,ED8,6,9.545454545,9.545454545,9.009740259,9.442851712,-0.04058441564,-0.4301948051,13.05194805,-0.3095653248,1.347821194,12.50027624,-0.1375,-0.105,2026-05-25T14:35:49+00:00
2001-06-27,FF2,-1,16.66666667,16.66666667,,,,,,,,,0.075,0.105,
2001-06-27,ED2,0,12.5,12.5,13.70039683,12.8282158,0.1984126984,-2.589285714,13.70039683,0.1003028702,-1.668622801,12.8282158,0.075,0.075,2026-05-25T14:35:58+00:00
2001-06-27,ED3,1,12.5,11.63953341,11.30952381,11.25989587,0.1984126984,-2.589285714,13.70039683,0.1003028702,-1.668622801,12.8282158,0.075,0.075,2026-05-25T14:35:58+00:00
2001-06-27,ED4,2,10,10,9.315476191,9.892181679,0.1984126984,-2.589285714,13.70039683,0.1003028702,-1.668622801,12.8282158,0.075,0.06,2026-05-25T14:35:58+00:00
2001-06-27,ED5,3,9.166666667,9.166666667,7.718253968,8.725073229,0.1984126984,-2.589285714,13.70039683,0.1003028702,-1.668622801,12.8282158,0.075,0.055,2026-05-25T14:35:58+00:00
2001-06-27,ED6,4,4.166666667,6.913741857,6.517857143,7.75857052,0.1984126984,-2.589285714,13.70039683,0.1003028702,-1.668622801,12.8282158,0.075,0.025,2026-05-25T14:35:58+00:00
2001-06-27,ED7,5,4.583333333,6.997384369,5.714285714,6.992673551,0.1984126984,-2.589285714,13.70039683,0.1003028702,-1.668622801,12.8282158,0.075,0.0275,2026-05-25T14:35:58+00:00
2001-06-27,ED8,6,6.666666667,6.666666667,5.307539683,6.427382323,0.1984126984,-2.589285714,13.70039683,0.1003028702,-1.668622801,12.8282158,0.075,0.04,2026-05-25T14:35:58+00:00
2001-08-21,FF2,-1,-1.736111111,-1.736111111,,,,,,,,,-0.09,0.015,
2001-08-21,ED2,0,12.5,12.5,12.23544974,12.50333242,-0.4050925926,1.512896826,12.23544974,-0.5239668993,2.125016406,12.50333242,-0.09,-0.09,2026-05-25T14:36:06+00:00
2001-08-21,ED3,1,12.5,13.91576764,13.34325397,14.10438193,-0.4050925926,1.512896826,12.23544974,-0.5239668993,2.125016406,12.50333242,-0.09,-0.09,2026-05-25T14:36:06+00:00
2001-08-21,ED4,2,15.27777778,15.27777778,13.64087302,14.65749764,-0.4050925926,1.512896826,12.23544974,-0.5239668993,2.125016406,12.50333242,-0.09,-0.11,2026-05-25T14:36:06+00:00
2001-08-21,ED5,3,11.11111111,13.60747155,13.12830688,14.16267955,-0.4050925926,1.512896826,12.23544974,-0.5239668993,2.125016406,12.50333242,-0.09,-0.08,2026-05-25T14:36:06+00:00
2001-08-21,ED6,4,12.5,12.5,11.80555556,12.61992766,-0.4050925926,1.512896826,12.23544974,-0.5239668993,2.125016406,12.50333242,-0.09,-0.09,2026-05-25T14:36:06+00:00
2001-08-21,ED7,5,10.41666667,10.41666667,9.672619049,10.02924197,-0.4050925926,1.512896826,12.23544974,-0.5239668993,2.125016406,12.50333242,-0.09,-0.075,2026-05-25T14:36:06+00:00
2001-08-21,ED8,6,6.25,6.25,6.729497355,6.390622482,-0.4050925926,1.512896826,12.23544974,-0.5239668993,2.125016406,12.50333242,-0.09,-0.045,2026-05-25T14:36:06+00:00
2001-09-17,FF2,-1,,,,,,,,,,,-0.035,-0.0875,
2001-09-17,ED2,0,12.5,12.5,14.77040816,14.77040816,-0.3826530614,-2.219387755,14.77040816,-0.3826530614,-2.219387755,14.77040816,-0.035,-0.035,
2001-09-17,ED3,1,17.85714286,17.85714286,12.16836735,12.16836735,-0.3826530614,-2.219387755,14.77040816,-0.3826530614,-2.219387755,14.77040816,-0.035,-0.05,
2001-09-17,ED4,2,5.357142857,5.357142857,8.801020409,8.801020409,-0.3826530614,-2.219387755,14.77040816,-0.3826530614,-2.219387755,14.77040816,-0.035,-0.015,
2001-09-17,ED5,3,3.571428571,3.571428571,4.668367347,4.668367347,-0.3826530614,-2.219387755,14.77040816,-0.3826530614,-2.219387755,14.77040816,-0.035,-0.01,
2001-09-17,ED6,4,0.8928571429,0.8928571429,-0.2295918372,-0.2295918372,-0.3826530614,-2.219387755,14.77040816,-0.3826530614,-2.219387755,14.77040816,-0.035,-0.0025,
2001-09-17,ED7,5,,,,,-0.3826530614,-2.219387755,14.77040816,-0.3826530614,-2.219387755,14.77040816,-0.035,,
2001-09-17,ED8,6,,,,,-0.3826530614,-2.219387755,14.77040816,-0.3826530614,-2.219387755,14.77040816,-0.035,,
2001-10-02,FF2,-1,8.035714286,8.035714286,,,,,,,,,-0.07,-0.045,
2001-10-02,ED2,0,12.5,12.5,12.59566327,12.59566327,-0.07971938763,-1.387117348,12.59566327,-0.07971938763,-1.387117348,12.59566327,-0.07,-0.07,
2001-10-02,ED3,1,11.16071429,11.16071429,11.12882653,11.12882653,-0.07971938763,-1.387117348,12.59566327,-0.07971938763,-1.387117348,12.59566327,-0.07,-0.0625,
2001-10-02,ED4,2,10.26785714,10.26785714,9.50255102,9.50255102,-0.07971938763,-1.387117348,12.59566327,-0.07971938763,-1.387117348,12.59566327,-0.07,-0.0575,
2001-10-02,ED5,3,6.696428571,6.696428571,7.716836734,7.716836734,-0.07971938763,-1.387117348,12.59566327,-0.07971938763,-1.387117348,12.59566327,-0.07,-0.0375,
2001-10-02,ED6,4,5.357142857,5.357142857,5.771683673,5.771683673,-0.07971938763,-1.387117348,12.59566327,-0.07971938763,-1.387117348,12.59566327,-0.07,-0.03,
2001-10-02,ED7,5,4.910714286,4.910714286,3.667091837,3.667091837,-0.07971938763,-1.387117348,12.59566327,-0.07971938763,-1.387117348,12.59566327,-0.07,-0.0275,
2001-10-02,ED8,6,0.8928571429,0.8928571429,1.403061225,1.403061225,-0.07971938763,-1.387117348,12.59566327,-0.07971938763,-1.387117348,12.59566327,-0.07,-0.005,
2001-11-06,FF2,-1,11.06557377,11.06557377,,,,,,,,,-0.1525,-0.13,
2001-11-06,ED2,0,12.5,12.5,12.91471507,12.91471507,-0.07074551131,0.02195550393,12.91471507,-0.07074551131,0.02195550393,12.91471507,-0.1525,-0.1525,
2001-11-06,ED3,1,13.31967213,13.31967213,12.86592506,12.86592506,-0.07074551131,0.02195550393,12.91471507,-0.07074551131,0.02195550393,12.91471507,-0.1525,-0.1625,
2001-11-06,ED4,2,13.52459016,13.52459016,12.67564403,12.67564403,-0.07074551131,0.02195550393,12.91471507,-0.07074551131,0.02195550393,12.91471507,-0.1525,-0.165,
2001-11-06,ED5,3,11.47540984,11.47540984,12.34387198,12.34387198,-0.07074551131,0.02195550393,12.91471507,-0.07074551131,0.02195550393,12.91471507,-0.1525,-0.14,
2001-11-06,ED6,4,11.06557377,11.06557377,11.8706089,11.8706089,-0.07074551131,0.02195550393,12.91471507,-0.07074551131,0.02195550393,12.91471507,-0.1525,-0.135,
2001-11-06,ED7,5,12.29508197,12.29508197,11.2558548,11.2558548,-0.07074551131,0.02195550393,12.91471507,-0.07074551131,0.02195550393,12.91471507,-0.1525,-0.15,
2001-11-06,ED8,6,10.24590164,10.24590164,10.49960968,10.49960968,-0.07074551131,0.02195550393,12.91471507,-0.07074551131,0.02195550393,12.91471507,-0.1525,-0.125,
2001-12-11,FF2,-1,-0,-0,,,,,,,,,-0.06,0.01,
2001-12-11,ED2,0,12.5,12.5,14.08730159,14.08730159,-0.4712301587,3.645833333,14.08730159,-0.4712301587,3.645833333,14.08730159,-0.06,-0.06,
2001-12-11,ED3,1,19.79166667,19.79166667,17.26190476,17.26190476,-0.4712301587,3.645833333,14.08730159,-0.4712301587,3.645833333,14.08730159,-0.06,-0.095,
2001-12-11,ED4,2,19.79166667,19.79166667,19.49404762,19.49404762,-0.4712301587,3.645833333,14.08730159,-0.4712301587,3.645833333,14.08730159,-0.06,-0.095,
2001-12-11,ED5,3,19.79166667,19.79166667,20.78373016,20.78373016,-0.4712301587,3.645833333,14.08730159,-0.4712301587,3.645833333,14.08730159,-0.06,-0.095,
2001-12-11,ED6,4,20.83333333,20.83333333,21.13095238,21.13095238,-0.4712301587,3.645833333,14.08730159,-0.4712301587,3.645833333,14.08730159,-0.06,-0.1,
2001-12-11,ED7,5,19.79166667,19.79166667,20.53571429,20.53571429,-0.4712301587,3.645833333,14.08730159,-0.4712301587,3.645833333,14.08730159,-0.06,-0.095,
2001-12-11,ED8,6,19.79166667,19.79166667,18.99801588,18.99801588,-0.4712301587,3.645833333,14.08730159,-0.4712301587,3.645833333,14.08730159,-0.06,-0.095,
2002-01-30,FF2,-1,10.9375,10.9375,,,,,,,,,0.02,0.02,
2002-01-30,ED2,0,12.5,12.5,16.33184524,13.38225877,0.1302083333,-2.957589286,16.33184524,-0.04228922199,-1.05011875,13.38225877,0.02,0.02,2026-05-25T14:38:22+00:00
2002-01-30,ED3,1,17.1875,13.33789019,13.50446429,12.2898508,0.1302083333,-2.957589286,16.33184524,-0.04228922199,-1.05011875,13.38225877,0.02,0.0275,2026-05-25T14:38:22+00:00
2002-01-30,ED4,2,15.625,11.74902383,10.9375,11.11286439,0.1302083333,-2.957589286,16.33184524,-0.04228922199,-1.05011875,13.38225877,0.02,0.025,2026-05-25T14:38:22+00:00
2002-01-30,ED5,3,7.8125,9.786306887,8.630952381,9.851299525,0.1302083333,-2.957589286,16.33184524,-0.04228922199,-1.05011875,13.38225877,0.02,0.0125,2026-05-25T14:38:22+00:00
2002-01-30,ED6,4,1.5625,7.636665203,6.584821429,8.505156221,0.1302083333,-2.957589286,16.33184524,-0.04228922199,-1.05011875,13.38225877,0.02,0.0025,2026-05-25T14:38:22+00:00
2002-01-30,ED7,5,3.125,6.51511235,4.799107143,7.074434472,0.1302083333,-2.957589286,16.33184524,-0.04228922199,-1.05011875,13.38225877,0.02,0.005,2026-05-25T14:38:22+00:00
2002-01-30,ED8,6,6.25,6.25,3.273809524,5.55913428,0.1302083333,-2.957589286,16.33184524,-0.04228922199,-1.05011875,13.38225877,0.02,0.01,2026-05-25T14:38:22+00:00
2002-03-19,FF2,-1,3.333333333,3.333333333,,,,,,,,,-0.075,-0.02,
2002-03-19,ED2,0,12.5,12.5,12.80753968,12.80753968,-0.06944444417,0.5357142839,12.80753968,-0.06944444417,0.5357142839,12.80753968,-0.075,-0.075,
2002-03-19,ED3,1,13.33333333,13.33333333,13.27380952,13.27380952,-0.06944444417,0.5357142839,12.80753968,-0.06944444417,0.5357142839,12.80753968,-0.075,-0.08,
2002-03-19,ED4,2,15,15,13.60119047,13.60119047,-0.06944444417,0.5357142839,12.80753968,-0.06944444417,0.5357142839,12.80753968,-0.075,-0.09,
2002-03-19,ED5,3,12.08333333,12.08333333,13.78968254,13.78968254,-0.06944444417,0.5357142839,12.80753968,-0.06944444417,0.5357142839,12.80753968,-0.075,-0.0725,
2002-03-19,ED6,4,14.58333333,14.58333333,13.83928571,13.83928571,-0.06944444417,0.5357142839,12.80753968,-0.06944444417,0.5357142839,12.80753968,-0.075,-0.0875,
2002-03-19,ED7,5,13.33333333,13.33333333,13.75,13.75,-0.06944444417,0.5357142839,12.80753968,-0.06944444417,0.5357142839,12.80753968,-0.075,-0.08,
2002-03-19,ED8,6,13.75,13.75,13.5218254,13.5218254,-0.06944444417,0.5357142839,12.80753968,-0.06944444417,0.5357142839,12.80753968,-0.075,-0.0825,
2002-05-07,FF2,-1,-3.125,-3.125,,,,,,,,,-0.03,0.005,
2002-05-07,ED2,0,12.5,12.5,15.27777778,14.28917169,-1.029265873,5.468749999,15.27777778,-1.285206529,7.459218118,14.28917169,-0.03,-0.03,2026-05-25T14:38:33+00:00
2002-05-07,ED3,1,21.875,21.875,19.7172619,20.46318328,-1.029265873,5.468749999,15.27777778,-1.285206529,7.459218118,14.28917169,-0.03,-0.0525,2026-05-25T14:38:33+00:00
2002-05-07,ED4,2,27.08333333,27.08333333,22.09821429,24.06678182,-1.029265873,5.468749999,15.27777778,-1.285206529,7.459218118,14.28917169,-0.03,-0.065,2026-05-25T14:38:33+00:00
2002-05-07,ED5,3,19.79166667,23.76501198,22.42063492,25.09996729,-1.029265873,5.468749999,15.27777778,-1.285206529,7.459218118,14.28917169,-0.03,-0.0475,2026-05-25T14:38:33+00:00
2002-05-07,ED6,4,18.75,22.1877048,20.68452381,23.56273971,-1.029265873,5.468749999,15.27777778,-1.285206529,7.459218118,14.28917169,-0.03,-0.045,2026-05-25T14:38:33+00:00
2002-05-07,ED7,5,14.58333333,17.81977534,16.88988095,19.45509907,-1.029265873,5.468749999,15.27777778,-1.285206529,7.459218118,14.28917169,-0.03,-0.035,2026-05-25T14:38:33+00:00
2002-05-07,ED8,6,13.54166667,14.48316278,11.03670635,12.77704537,-1.029265873,5.468749999,15.27777778,-1.285206529,7.459218118,14.28917169,-0.03,-0.0325,2026-05-25T14:38:33+00:00
2002-08-13,FF2,-1,-4.166666667,-4.166666667,,,,,,,,,-0.075,0.03,
2002-08-13,ED2,0,12.5,12.5,14.78174603,14.78174603,-2.043650794,11.78571429,14.78174603,-2.043650794,11.78571429,14.78174603,-0.075,-0.075,
2002-08-13,ED3,1,25.83333333,25.83333333,24.52380952,24.52380952,-2.043650794,11.78571429,14.78174603,-2.043650794,11.78571429,14.78174603,-0.075,-0.155,
2002-08-13,ED4,2,34.16666667,34.16666667,30.17857143,30.17857143,-2.043650794,11.78571429,14.78174603,-2.043650794,11.78571429,14.78174603,-0.075,-0.205,
2002-08-13,ED5,3,31.66666667,31.66666667,31.74603175,31.74603175,-2.043650794,11.78571429,14.78174603,-2.043650794,11.78571429,14.78174603,-0.075,-0.19,
2002-08-13,ED6,4,26.66666667,26.66666667,29.22619048,29.22619048,-2.043650794,11.78571429,14.78174603,-2.043650794,11.78571429,14.78174603,-0.075,-0.16,
2002-08-13,ED7,5,19.16666667,19.16666667,22.61904762,22.61904762,-2.043650794,11.78571429,14.78174603,-2.043650794,11.78571429,14.78174603,-0.075,-0.115,
2002-08-13,ED8,6,15,15,11.92460318,11.92460318,-2.043650794,11.78571429,14.78174603,-2.043650794,11.78571429,14.78174603,-0.075,-0.09,
2002-11-06,FF2,-1,28.125,28.125,,,,,,,,,-0.06,-0.1325,
2002-11-06,ED2,0,12.5,12.5,12.5,12.5,0.07440476179,0.8928571432,12.5,0.07440476179,0.8928571432,12.5,-0.06,-0.06,
2002-11-06,ED3,1,13.54166667,13.54166667,13.46726191,13.46726191,0.07440476179,0.8928571432,12.5,0.07440476179,0.8928571432,12.5,-0.06,-0.065,
2002-11-06,ED4,2,13.54166667,13.54166667,14.58333334,14.58333334,0.07440476179,0.8928571432,12.5,0.07440476179,0.8928571432,12.5,-0.06,-0.065,
2002-11-06,ED5,3,17.1875,17.1875,15.84821429,15.84821429,0.07440476179,0.8928571432,12.5,0.07440476179,0.8928571432,12.5,-0.06,-0.0825,
2002-11-06,ED6,4,18.75,18.75,17.26190476,17.26190476,0.07440476179,0.8928571432,12.5,0.07440476179,0.8928571432,12.5,-0.06,-0.09,
2002-11-06,ED7,5,15.625,15.625,18.82440476,18.82440476,0.07440476179,0.8928571432,12.5,0.07440476179,0.8928571432,12.5,-0.06,-0.075,
2002-11-06,ED8,6,21.875,21.875,20.53571428,20.53571428,0.07440476179,0.8928571432,12.5,0.07440476179,0.8928571432,12.5,-0.06,-0.105,
2003-01-29,FF2,-1,2.34375,2.34375,,,,,,,,,0.04,0.005,
2003-01-29,ED2,0,12.5,12.5,13.95089286,13.95089286,-0.1116071429,1.116071429,13.95089286,-0.1116071429,1.116071429,13.95089286,0.04,0.04,
2003-01-29,ED3,1,17.1875,17.1875,14.95535714,14.95535714,-0.1116071429,1.116071429,13.95089286,-0.1116071429,1.116071429,13.95089286,0.04,0.055,
2003-01-29,ED4,2,15.625,15.625,15.73660714,15.73660714,-0.1116071429,1.116071429,13.95089286,-0.1116071429,1.116071429,13.95089286,0.04,0.05,
2003-01-29,ED5,3,17.1875,17.1875,16.29464286,16.29464286,-0.1116071429,1.116071429,13.95089286,-0.1116071429,1.116071429,13.95089286,0.04,0.055,
2003-01-29,ED6,4,14.0625,14.0625,16.62946429,16.62946429,-0.1116071429,1.116071429,13.95089286,-0.1116071429,1.116071429,13.95089286,0.04,0.045,
2003-01-29,ED7,5,17.1875,17.1875,16.74107143,16.74107143,-0.1116071429,1.116071429,13.95089286,-0.1116071429,1.116071429,13.95089286,0.04,0.055,
2003-01-29,ED8,6,17.1875,17.1875,16.62946429,16.62946429,-0.1116071429,1.116071429,13.95089286,-0.1116071429,1.116071429,13.95089286,0.04,0.055,
2003-05-06,FF2,-1,-2.419354839,-2.419354839,,,,,,,,,-0.0775,0.015,
2003-05-06,ED2,0,12.5,12.5,12.99923195,12.99923195,-0.7872503836,5.875576035,12.99923195,-0.7872503836,5.875576035,12.99923195,-0.0775,-0.0775,
2003-05-06,ED3,1,17.74193548,17.74193548,18.0875576,18.0875576,-0.7872503836,5.875576035,12.99923195,-0.7872503836,5.875576035,12.99923195,-0.0775,-0.11,
2003-05-06,ED4,2,23.38709677,23.38709677,21.60138249,21.60138249,-0.7872503836,5.875576035,12.99923195,-0.7872503836,5.875576035,12.99923195,-0.0775,-0.145,
2003-05-06,ED5,3,24.19354839,24.19354839,23.5407066,23.5407066,-0.7872503836,5.875576035,12.99923195,-0.7872503836,5.875576035,12.99923195,-0.0775,-0.15,
2003-05-06,ED6,4,22.17741935,22.17741935,23.90552995,23.90552995,-0.7872503836,5.875576035,12.99923195,-0.7872503836,5.875576035,12.99923195,-0.0775,-0.1375,
2003-05-06,ED7,5,21.77419355,21.77419355,22.69585254,22.69585254,-0.7872503836,5.875576035,12.99923195,-0.7872503836,5.875576035,12.99923195,-0.0775,-0.135,
2003-05-06,ED8,6,20.96774194,20.96774194,19.91167435,19.91167435,-0.7872503836,5.875576035,12.99923195,-0.7872503836,5.875576035,12.99923195,-0.0775,-0.13,
2003-06-25,FF2,-1,14.40217391,14.40217391,,,,,,,,,0.115,0.125,
2003-06-25,ED2,0,12.5,12.5,13.4057971,13.4057971,-0.4205486542,0.7181677022,13.4057971,-0.4205486542,0.7181677022,13.4057971,0.115,0.115,
2003-06-25,ED3,1,14.67391304,14.67391304,13.70341615,13.70341615,-0.4205486542,0.7181677022,13.4057971,-0.4205486542,0.7181677022,13.4057971,0.115,0.135,
2003-06-25,ED4,2,14.13043478,14.13043478,13.15993789,13.15993789,-0.4205486542,0.7181677022,13.4057971,-0.4205486542,0.7181677022,13.4057971,0.115,0.13,
2003-06-25,ED5,3,11.41304348,11.41304348,11.77536232,11.77536232,-0.4205486542,0.7181677022,13.4057971,-0.4205486542,0.7181677022,13.4057971,0.115,0.105,
2003-06-25,ED6,4,8.695652174,8.695652174,9.549689441,9.549689441,-0.4205486542,0.7181677022,13.4057971,-0.4205486542,0.7181677022,13.4057971,0.115,0.08,
2003-06-25,ED7,5,5.97826087,5.97826087,6.482919255,6.482919255,-0.4205486542,0.7181677022,13.4057971,-0.4205486542,0.7181677022,13.4057971,0.115,0.055,
2003-06-25,ED8,6,3.260869565,3.260869565,2.57505176,2.57505176,-0.4205486542,0.7181677022,13.4057971,-0.4205486542,0.7181677022,13.4057971,0.115,0.03,
2003-08-12,FF2,-1,-2.083333333,-2.083333333,,,,,,,,,-0.015,0,
2003-08-12,ED2,0,12.5,12.5,14.68253968,14.68253968,-3.447420635,29.6875,14.68253968,-3.447420635,29.6875,14.68253968,-0.015,-0.015,
2003-08-12,ED3,1,41.66666667,41.66666667,40.92261905,40.92261905,-3.447420635,29.6875,14.68253968,-3.447420635,29.6875,14.68253968,-0.015,-0.05,
2003-08-12,ED4,2,66.66666667,66.66666667,60.26785714,60.26785714,-3.447420635,29.6875,14.68253968,-3.447420635,29.6875,14.68253968,-0.015,-0.08,
2003-08-12,ED5,3,68.75,68.75,72.71825397,72.71825397,-3.447420635,29.6875,14.68253968,-3.447420635,29.6875,14.68253968,-0.015,-0.0825,
2003-08-12,ED6,4,77.08333333,77.08333333,78.27380952,78.27380952,-3.447420635,29.6875,14.68253968,-3.447420635,29.6875,14.68253968,-0.015,-0.0925,
2003-08-12,ED7,5,75,75,76.93452381,76.93452381,-3.447420635,29.6875,14.68253968,-3.447420635,29.6875,14.68253968,-0.015,-0.09,
2003-08-12,ED8,6,70.83333333,70.83333333,68.70039682,68.70039682,-3.447420635,29.6875,14.68253968,-3.447420635,29.6875,14.68253968,-0.015,-0.085,
2003-10-28,FF2,-1,0.3676470588,0.3676470588,,,,,,,,,-0.085,0,
2003-10-28,ED2,0,12.5,12.5,13.28781513,13.28781513,-0.3413865543,3.38760504,13.28781513,-0.3413865543,3.38760504,13.28781513,-0.085,-0.085,
2003-10-28,ED3,1,17.64705882,17.64705882,16.33403361,16.33403361,-0.3413865543,3.38760504,13.28781513,-0.3413865543,3.38760504,13.28781513,-0.085,-0.12,
2003-10-28,ED4,2,18.38235294,18.38235294,18.69747899,18.69747899,-0.3413865543,3.38760504,13.28781513,-0.3413865543,3.38760504,13.28781513,-0.085,-0.125,
2003-10-28,ED5,3,20.58823529,20.58823529,20.37815126,20.37815126,-0.3413865543,3.38760504,13.28781513,-0.3413865543,3.38760504,13.28781513,-0.085,-0.14,
2003-10-28,ED6,4,21.32352941,21.32352941,21.37605042,21.37605042,-0.3413865543,3.38760504,13.28781513,-0.3413865543,3.38760504,13.28781513,-0.085,-0.145,
2003-10-28,ED7,5,20.58823529,20.58823529,21.69117647,21.69117647,-0.3413865543,3.38760504,13.28781513,-0.3413865543,3.38760504,13.28781513,-0.085,-0.14,
2003-10-28,ED8,6,22.05882353,22.05882353,21.32352941,21.32352941,-0.3413865543,3.38760504,13.28781513,-0.3413865543,3.38760504,13.28781513,-0.085,-0.15,
2004-01-28,FF2,-1,0,0,,,,,,,,,0.11,0,
2004-01-28,ED2,0,12.5,12.5,13.2913961,13.2913961,-0.9943181817,8.522727272,13.2913961,-0.9943181817,8.522727272,13.2913961,0.11,0.11,
2004-01-28,ED3,1,21.30681818,21.30681818,20.81980519,20.81980519,-0.9943181817,8.522727272,13.2913961,-0.9943181817,8.522727272,13.2913961,0.11,0.1875,
2004-01-28,ED4,2,27.84090909,27.84090909,26.35957792,26.35957792,-0.9943181817,8.522727272,13.2913961,-0.9943181817,8.522727272,13.2913961,0.11,0.245,
2004-01-28,ED5,3,29.54545455,29.54545455,29.91071429,29.91071429,-0.9943181817,8.522727272,13.2913961,-0.9943181817,8.522727272,13.2913961,0.11,0.26,
2004-01-28,ED6,4,30.68181818,30.68181818,31.47321429,31.47321429,-0.9943181817,8.522727272,13.2913961,-0.9943181817,8.522727272,13.2913961,0.11,0.27,
2004-01-28,ED7,5,30.11363636,30.11363636,31.04707792,31.04707792,-0.9943181817,8.522727272,13.2913961,-0.9943181817,8.522727272,13.2913961,0.11,0.265,
2004-01-28,ED8,6,29.54545455,29.54545455,28.6323052,28.6323052,-0.9943181817,8.522727272,13.2913961,-0.9943181817,8.522727272,13.2913961,0.11,0.26,
2004-03-16,FF2,-1,-0,-0,,,,,,,,,-0.055,0,
2004-03-16,ED2,0,12.5,12.5,13.54166667,12.64045176,-0.615530303,5.78327922,13.54166667,-0.615530303,6.684494133,12.64045176,-0.055,-0.055,2026-05-25T14:38:43+00:00
2004-03-16,ED3,1,19.31818182,19.31818182,18.70941559,18.70941558,-0.615530303,5.78327922,13.54166667,-0.615530303,6.684494133,12.64045176,-0.055,-0.085,2026-05-25T14:38:43+00:00
2004-03-16,ED4,2,22.72727273,22.72727273,22.6461039,23.54731881,-0.615530303,5.78327922,13.54166667,-0.615530303,6.684494133,12.64045176,-0.055,-0.1,2026-05-25T14:38:43+00:00
2004-03-16,ED5,3,27.27272727,27.27272727,25.3517316,27.15416143,-0.615530303,5.78327922,13.54166667,-0.615530303,6.684494133,12.64045176,-0.055,-0.12,2026-05-25T14:38:43+00:00
2004-03-16,ED6,4,30.11363636,30.11363636,26.8262987,29.52994344,-0.615530303,5.78327922,13.54166667,-0.615530303,6.684494133,12.64045176,-0.055,-0.1325,2026-05-25T14:38:43+00:00
2004-03-16,ED7,5,17.61363636,30.23064514,27.06980519,30.67466484,-0.615530303,5.78327922,13.54166667,-0.615530303,6.684494133,12.64045176,-0.055,-0.0775,2026-05-25T14:38:43+00:00
2004-03-16,ED8,6,30.68181818,30.68181818,26.08225108,30.58832564,-0.615530303,5.78327922,13.54166667,-0.615530303,6.684494133,12.64045176,-0.055,-0.135,2026-05-25T14:38:43+00:00
2004-06-30,FF2,-1,3.125,3.125,,,,,,,,,-0.03,-0.01,
2004-06-30,ED2,0,12.5,12.5,12.25198413,12.25198413,0.09920634896,-1.339285713,12.25198413,0.09920634896,-1.339285713,12.25198413,-0.03,-0.03,
2004-06-30,ED3,1,10.41666667,10.41666667,11.01190476,11.01190476,0.09920634896,-1.339285713,12.25198413,0.09920634896,-1.339285713,12.25198413,-0.03,-0.025,
2004-06-30,ED4,2,10.41666667,10.41666667,9.970238098,9.970238098,0.09920634896,-1.339285713,12.25198413,0.09920634896,-1.339285713,12.25198413,-0.03,-0.025,
2004-06-30,ED5,3,8.333333333,8.333333333,9.126984129,9.126984129,0.09920634896,-1.339285713,12.25198413,0.09920634896,-1.339285713,12.25198413,-0.03,-0.02,
2004-06-30,ED6,4,10.41666667,10.41666667,8.482142859,8.482142859,0.09920634896,-1.339285713,12.25198413,0.09920634896,-1.339285713,12.25198413,-0.03,-0.025,
2004-06-30,ED7,5,6.25,6.25,8.035714287,8.035714287,0.09920634896,-1.339285713,12.25198413,0.09920634896,-1.339285713,12.25198413,-0.03,-0.015,
2004-06-30,ED8,6,8.333333333,8.333333333,7.787698412,7.787698412,0.09920634896,-1.339285713,12.25198413,0.09920634896,-1.339285713,12.25198413,-0.03,-0.02,
2004-08-10,FF2,-1,4.166666667,4.166666667,,,,,,,,,0.045,0.015,
2004-08-10,ED2,0,12.5,12.5,12.83068783,12.83068783,-0.08267195774,0.6448412704,12.83068783,-0.08267195774,0.6448412704,12.83068783,0.045,0.045,
2004-08-10,ED3,1,13.88888889,13.88888889,13.39285714,13.39285714,-0.08267195774,0.6448412704,12.83068783,-0.08267195774,0.6448412704,12.83068783,0.045,0.05,
2004-08-10,ED4,2,13.88888889,13.88888889,13.78968254,13.78968254,-0.08267195774,0.6448412704,12.83068783,-0.08267195774,0.6448412704,12.83068783,0.045,0.05,
2004-08-10,ED5,3,13.88888889,13.88888889,14.02116402,14.02116402,-0.08267195774,0.6448412704,12.83068783,-0.08267195774,0.6448412704,12.83068783,0.045,0.05,
2004-08-10,ED6,4,13.88888889,13.88888889,14.08730159,14.08730159,-0.08267195774,0.6448412704,12.83068783,-0.08267195774,0.6448412704,12.83068783,0.045,0.05,
2004-08-10,ED7,5,13.88888889,13.88888889,13.98809524,13.98809524,-0.08267195774,0.6448412704,12.83068783,-0.08267195774,0.6448412704,12.83068783,0.045,0.05,
2004-08-10,ED8,6,13.88888889,13.88888889,13.72354497,13.72354497,-0.08267195774,0.6448412704,12.83068783,-0.08267195774,0.6448412704,12.83068783,0.045,0.05,
2004-09-21,FF2,-1,4.166666667,4.166666667,,,,,,,,,-0.015,0,
2004-09-21,ED2,0,12.5,12.5,13.29365079,10.52810391,-0.04960317476,4.910714286,13.29365079,-0.8960645636,9.731856054,10.52810391,-0.015,-0.015,2026-05-25T14:38:58+00:00
2004-09-21,ED3,1,16.66666667,16.66666667,18.15476191,19.3638954,-0.04960317476,4.910714286,13.29365079,-0.8960645636,9.731856054,10.52810391,-0.015,-0.02,2026-05-25T14:38:58+00:00
2004-09-21,ED4,2,25,25,22.91666667,26.40755777,-0.04960317476,4.910714286,13.29365079,-0.8960645636,9.731856054,10.52810391,-0.015,-0.03,2026-05-25T14:38:58+00:00
2004-09-21,ED5,3,33.33333333,33.33333333,27.57936508,31.659091,-0.04960317476,4.910714286,13.29365079,-0.8960645636,9.731856054,10.52810391,-0.015,-0.04,2026-05-25T14:38:58+00:00
2004-09-21,ED6,4,29.16666667,35.93496079,32.14285714,35.11849511,-0.04960317476,4.910714286,13.29365079,-0.8960645636,9.731856054,10.52810391,-0.015,-0.035,2026-05-25T14:38:58+00:00
2004-09-21,ED7,5,29.16666667,37.41510999,36.60714286,36.7857701,-0.04960317476,4.910714286,13.29365079,-0.8960645636,9.731856054,10.52810391,-0.015,-0.035,2026-05-25T14:38:58+00:00
2004-09-21,ED8,6,45.83333333,35.67375847,40.97222222,36.66091595,-0.04960317476,4.910714286,13.29365079,-0.8960645636,9.731856054,10.52810391,-0.015,-0.055,2026-05-25T14:38:58+00:00
2004-11-10,FF2,-1,-0,-0,,,,,,,,,-0.025,-0.005,
2004-11-10,ED2,0,12.5,12.5,11.9047619,11.9047619,-1.101190476,8.303571429,11.9047619,-1.101190476,8.303571429,11.9047619,-0.025,-0.025,
2004-11-10,ED3,1,17.5,17.5,19.10714286,19.10714286,-1.101190476,8.303571429,11.9047619,-1.101190476,8.303571429,11.9047619,-0.025,-0.035,
2004-11-10,ED4,2,25,25,24.10714286,24.10714286,-1.101190476,8.303571429,11.9047619,-1.101190476,8.303571429,11.9047619,-0.025,-0.05,
2004-11-10,ED5,3,27.5,27.5,26.9047619,26.9047619,-1.101190476,8.303571429,11.9047619,-1.101190476,8.303571429,11.9047619,-0.025,-0.055,
2004-11-10,ED6,4,27.5,27.5,27.5,27.5,-1.101190476,8.303571429,11.9047619,-1.101190476,8.303571429,11.9047619,-0.025,-0.055,
2004-11-10,ED7,5,25,25,25.89285714,25.89285714,-1.101190476,8.303571429,11.9047619,-1.101190476,8.303571429,11.9047619,-0.025,-0.05,
2004-11-10,ED8,6,22.5,22.5,22.08333333,22.08333333,-1.101190476,8.303571429,11.9047619,-1.101190476,8.303571429,11.9047619,-0.025,-0.045,
2004-12-14,FF2,-1,-0,-0,,,,,,,,,-0.015,0.0025,
2004-12-14,ED2,0,12.5,12.5,12.59920635,12.59920635,-0.09920634929,1.190476191,12.59920635,-0.09920634929,1.190476191,12.59920635,-0.015,-0.015,
2004-12-14,ED3,1,12.5,12.5,13.69047619,13.69047619,-0.09920634929,1.190476191,12.59920635,-0.09920634929,1.190476191,12.59920635,-0.015,-0.015,
2004-12-14,ED4,2,16.66666667,16.66666667,14.58333333,14.58333333,-0.09920634929,1.190476191,12.59920635,-0.09920634929,1.190476191,12.59920635,-0.015,-0.02,
2004-12-14,ED5,3,16.66666667,16.66666667,15.27777778,15.27777778,-0.09920634929,1.190476191,12.59920635,-0.09920634929,1.190476191,12.59920635,-0.015,-0.02,
2004-12-14,ED6,4,12.5,12.5,15.77380953,15.77380953,-0.09920634929,1.190476191,12.59920635,-0.09920634929,1.190476191,12.59920635,-0.015,-0.015,
2004-12-14,ED7,5,16.66666667,16.66666667,16.07142857,16.07142857,-0.09920634929,1.190476191,12.59920635,-0.09920634929,1.190476191,12.59920635,-0.015,-0.02,
2004-12-14,ED8,6,16.66666667,16.66666667,16.17063492,16.17063492,-0.09920634929,1.190476191,12.59920635,-0.09920634929,1.190476191,12.59920635,-0.015,-0.02,
2005-03-22,FF2,-1,-0.8928571429,-0.8928571429,,,,,,,,,0.07,0,
2005-03-22,ED2,0,12.5,12.5,13.22278911,13.22278911,-0.3082482998,3.220663269,13.22278911,-0.3082482998,3.220663269,13.22278911,0.07,0.07,
2005-03-22,ED3,1,16.96428571,16.96428571,16.13520408,16.13520408,-0.3082482998,3.220663269,13.22278911,-0.3082482998,3.220663269,13.22278911,0.07,0.095,
2005-03-22,ED4,2,18.75,18.75,18.43112245,18.43112245,-0.3082482998,3.220663269,13.22278911,-0.3082482998,3.220663269,13.22278911,0.07,0.105,
2005-03-22,ED5,3,20.53571429,20.53571429,20.11054422,20.11054422,-0.3082482998,3.220663269,13.22278911,-0.3082482998,3.220663269,13.22278911,0.07,0.115,
2005-03-22,ED6,4,20.53571429,20.53571429,21.17346939,21.17346939,-0.3082482998,3.220663269,13.22278911,-0.3082482998,3.220663269,13.22278911,0.07,0.115,
2005-03-22,ED7,5,20.53571429,20.53571429,21.61989796,21.61989796,-0.3082482998,3.220663269,13.22278911,-0.3082482998,3.220663269,13.22278911,0.07,0.115,
2005-03-22,ED8,6,22.32142857,22.32142857,21.44982993,21.44982993,-0.3082482998,3.220663269,13.22278911,-0.3082482998,3.220663269,13.22278911,0.07,0.125,
2005-05-03,FF2,-1,0,0,,,,,,,,,0.025,0,
2005-05-03,ED2,0,12.5,12.5,12.5297619,12.5297619,-0.3869047619,3.392857143,12.5297619,-0.3869047619,3.392857143,12.5297619,0.025,0.025,
2005-05-03,ED3,1,16.25,16.25,15.53571429,15.53571429,-0.3869047619,3.392857143,12.5297619,-0.3869047619,3.392857143,12.5297619,0.025,0.0325,
2005-05-03,ED4,2,17.5,17.5,17.76785714,17.76785714,-0.3869047619,3.392857143,12.5297619,-0.3869047619,3.392857143,12.5297619,0.025,0.035,
2005-05-03,ED5,3,17.5,17.5,19.22619048,19.22619048,-0.3869047619,3.392857143,12.5297619,-0.3869047619,3.392857143,12.5297619,0.025,0.035,
2005-05-03,ED6,4,20,20,19.91071429,19.91071429,-0.3869047619,3.392857143,12.5297619,-0.3869047619,3.392857143,12.5297619,0.025,0.04,
2005-05-03,ED7,5,22.5,22.5,19.82142857,19.82142857,-0.3869047619,3.392857143,12.5297619,-0.3869047619,3.392857143,12.5297619,0.025,0.045,
2005-05-03,ED8,6,17.5,17.5,18.95833333,18.95833333,-0.3869047619,3.392857143,12.5297619,-0.3869047619,3.392857143,12.5297619,0.025,0.035,
2005-06-30,FF2,-1,0,0,,,,,,,,,0.055,-0.0025,
2005-06-30,ED2,0,12.5,12.5,12.20238095,12.20238095,-0.3923160175,1.420454546,12.20238095,-0.3923160175,1.420454546,12.20238095,0.055,0.055,
2005-06-30,ED3,1,12.5,12.5,13.23051948,13.23051948,-0.3923160175,1.420454546,12.20238095,-0.3923160175,1.420454546,12.20238095,0.055,0.055,
2005-06-30,ED4,2,13.63636364,13.63636364,13.47402598,13.47402598,-0.3923160175,1.420454546,12.20238095,-0.3923160175,1.420454546,12.20238095,0.055,0.06,
2005-06-30,ED5,3,13.63636364,13.63636364,12.93290043,12.93290043,-0.3923160175,1.420454546,12.20238095,-0.3923160175,1.420454546,12.20238095,0.055,0.06,
2005-06-30,ED6,4,11.36363636,11.36363636,11.60714286,11.60714286,-0.3923160175,1.420454546,12.20238095,-0.3923160175,1.420454546,12.20238095,0.055,0.05,
2005-06-30,ED7,5,9.090909091,9.090909091,9.496753247,9.496753247,-0.3923160175,1.420454546,12.20238095,-0.3923160175,1.420454546,12.20238095,0.055,0.04,
2005-06-30,ED8,6,6.818181818,6.818181818,6.6017316,6.6017316,-0.3923160175,1.420454546,12.20238095,-0.3923160175,1.420454546,12.20238095,0.055,0.03,
2005-08-09,FF2,-1,-0,-0,,,,,,,,,-0.02,-0.005,
2005-08-09,ED2,0,12.5,12.5,12.79761905,12.79761905,-0.4092261905,3.013392857,12.79761905,-0.4092261905,3.013392857,12.79761905,-0.02,-0.02,
2005-08-09,ED3,1,15.625,15.625,15.40178571,15.40178571,-0.4092261905,3.013392857,12.79761905,-0.4092261905,3.013392857,12.79761905,-0.02,-0.025,
2005-08-09,ED4,2,18.75,18.75,17.1875,17.1875,-0.4092261905,3.013392857,12.79761905,-0.4092261905,3.013392857,12.79761905,-0.02,-0.03,
2005-08-09,ED5,3,15.625,15.625,18.1547619,18.1547619,-0.4092261905,3.013392857,12.79761905,-0.4092261905,3.013392857,12.79761905,-0.02,-0.025,
2005-08-09,ED6,4,18.75,18.75,18.30357143,18.30357143,-0.4092261905,3.013392857,12.79761905,-0.4092261905,3.013392857,12.79761905,-0.02,-0.03,
2005-08-09,ED7,5,18.75,18.75,17.63392857,17.63392857,-0.4092261905,3.013392857,12.79761905,-0.4092261905,3.013392857,12.79761905,-0.02,-0.03,
2005-08-09,ED8,6,15.625,15.625,16.14583333,16.14583333,-0.4092261905,3.013392857,12.79761905,-0.4092261905,3.013392857,12.79761905,-0.02,-0.025,
2005-09-20,FF2,-1,16.25,16.25,,,,,,,,,0.025,0.03,
2005-09-20,ED2,0,12.5,12.5,11.9047619,11.48738326,0.4166666667,-3.035714286,11.9047619,0.3091534978,-2.602961026,11.48738326,0.025,0.025,2026-05-25T14:39:40+00:00
2005-09-20,ED3,1,7.5,7.5,9.285714286,9.193575736,0.4166666667,-3.035714286,11.9047619,0.3091534978,-2.602961026,11.48738326,0.025,0.015,2026-05-25T14:39:40+00:00
2005-09-20,ED4,2,10,7.434640536,7.5,7.518075204,0.4166666667,-3.035714286,11.9047619,0.3091534978,-2.602961026,11.48738326,0.025,0.02,2026-05-25T14:39:40+00:00
2005-09-20,ED5,3,5,7.193854705,6.547619048,6.460881667,0.4166666667,-3.035714286,11.9047619,0.3091534978,-2.602961026,11.48738326,0.025,0.01,2026-05-25T14:39:40+00:00
2005-09-20,ED6,4,5,6.07019033,6.428571429,6.021995126,0.4166666667,-3.035714286,11.9047619,0.3091534978,-2.602961026,11.48738326,0.025,0.01,2026-05-25T14:39:40+00:00
2005-09-20,ED7,5,10,6.63202299,7.142857143,6.201415581,0.4166666667,-3.035714286,11.9047619,0.3091534978,-2.602961026,11.48738326,0.025,0.02,2026-05-25T14:39:40+00:00
2005-09-20,ED8,6,7.5,6.551761047,8.69047619,6.999143031,0.4166666667,-3.035714286,11.9047619,0.3091534978,-2.602961026,11.48738326,0.025,0.015,2026-05-25T14:39:40+00:00
2005-11-01,FF2,-1,-2.083333333,-2.083333333,,,,,,,,,0.015,0,
2005-11-01,ED2,0,12.5,12.5,11.70634921,12.40567281,-0.248015873,1.339285715,11.70634921,-0.06041149405,0.2272324779,12.40567281,0.015,0.015,2026-05-25T14:39:49+00:00
2005-11-01,ED3,1,12.5,12.5,12.79761905,12.57249379,-0.248015873,1.339285715,11.70634921,-0.06041149405,0.2272324779,12.40567281,0.015,0.015,2026-05-25T14:39:49+00:00
2005-11-01,ED4,2,12.5,12.5,13.39285714,12.61849179,-0.248015873,1.339285715,11.70634921,-0.06041149405,0.2272324779,12.40567281,0.015,0.015,2026-05-25T14:39:49+00:00
2005-11-01,ED5,3,12.5,12.5,13.49206349,12.5436668,-0.248015873,1.339285715,11.70634921,-0.06041149405,0.2272324779,12.40567281,0.015,0.015,2026-05-25T14:39:49+00:00
2005-11-01,ED6,4,12.5,12.5,13.0952381,12.34801882,-0.248015873,1.339285715,11.70634921,-0.06041149405,0.2272324779,12.40567281,0.015,0.015,2026-05-25T14:39:49+00:00
2005-11-01,ED7,5,16.66666667,12.12905884,12.20238095,12.03154785,-0.248015873,1.339285715,11.70634921,-0.06041149405,0.2272324779,12.40567281,0.015,0.02,2026-05-25T14:39:49+00:00
2005-11-01,ED8,6,8.333333333,11.4850869,10.81349206,11.59425389,-0.248015873,1.339285715,11.70634921,-0.06041149405,0.2272324779,12.40567281,0.015,0.01,2026-05-25T14:39:49+00:00
2005-12-13,FF2,-1,-0,-0,,,,,,,,,-0.025,0,
2005-12-13,ED2,0,12.5,12.5,13.98809524,13.75362941,-0.7738095238,4.285714286,13.98809524,-0.89104244,4.989111783,13.75362941,-0.025,-0.025,2026-05-25T14:39:54+00:00
2005-12-13,ED3,1,20,20,17.5,17.85169875,-0.7738095238,4.285714286,13.98809524,-0.89104244,4.989111783,13.75362941,-0.025,-0.04,2026-05-25T14:39:54+00:00
2005-12-13,ED4,2,20,20,19.46428571,20.16768321,-0.7738095238,4.285714286,13.98809524,-0.89104244,4.989111783,13.75362941,-0.025,-0.04,2026-05-25T14:39:54+00:00
2005-12-13,ED5,3,17.5,19.96189124,19.88095238,20.70158279,-0.7738095238,4.285714286,13.98809524,-0.89104244,4.989111783,13.75362941,-0.025,-0.035,2026-05-25T14:39:54+00:00
2005-12-13,ED6,4,20,20,18.75,19.4533975,-0.7738095238,4.285714286,13.98809524,-0.89104244,4.989111783,13.75362941,-0.025,-0.04,2026-05-25T14:39:54+00:00
2005-12-13,ED7,5,15,15,16.07142857,16.42312732,-0.7738095238,4.285714286,13.98809524,-0.89104244,4.989111783,13.75362941,-0.025,-0.03,2026-05-25T14:39:54+00:00
2005-12-13,ED8,6,12.5,12.5,11.8452381,11.61077226,-0.7738095238,4.285714286,13.98809524,-0.89104244,4.989111783,13.75362941,-0.025,-0.025,2026-05-25T14:39:54+00:00
2006-01-31,FF2,-1,2.5,2.5,,,,,,,,,0.025,0.01,
2006-01-31,ED2,0,12.5,12.5,12.91666667,12.91666667,-0.505952381,4.553571429,12.91666667,-0.505952381,4.553571429,12.91666667,0.025,0.025,
2006-01-31,ED3,1,17.5,17.5,16.96428571,16.96428571,-0.505952381,4.553571429,12.91666667,-0.505952381,4.553571429,12.91666667,0.025,0.035,
2006-01-31,ED4,2,20,20,20,20,-0.505952381,4.553571429,12.91666667,-0.505952381,4.553571429,12.91666667,0.025,0.04,
2006-01-31,ED5,3,22.5,22.5,22.02380952,22.02380952,-0.505952381,4.553571429,12.91666667,-0.505952381,4.553571429,12.91666667,0.025,0.045,
2006-01-31,ED6,4,22.5,22.5,23.03571429,23.03571429,-0.505952381,4.553571429,12.91666667,-0.505952381,4.553571429,12.91666667,0.025,0.045,
2006-01-31,ED7,5,22.5,22.5,23.03571429,23.03571429,-0.505952381,4.553571429,12.91666667,-0.505952381,4.553571429,12.91666667,0.025,0.045,
2006-01-31,ED8,6,22.5,22.5,22.02380952,22.02380952,-0.505952381,4.553571429,12.91666667,-0.505952381,4.553571429,12.91666667,0.025,0.045,
2006-03-28,FF2,-1,1.25,1.25,,,,,,,,,0.05,0.005,
2006-03-28,ED2,0,12.5,12.5,12.94642857,12.94642857,-0.2232142857,1.473214286,12.94642857,-0.2232142857,1.473214286,12.94642857,0.05,0.05,
2006-03-28,ED3,1,15,15,14.19642857,14.19642857,-0.2232142857,1.473214286,12.94642857,-0.2232142857,1.473214286,12.94642857,0.05,0.06,
2006-03-28,ED4,2,15,15,15,15,-0.2232142857,1.473214286,12.94642857,-0.2232142857,1.473214286,12.94642857,0.05,0.06,
2006-03-28,ED5,3,15,15,15.35714286,15.35714286,-0.2232142857,1.473214286,12.94642857,-0.2232142857,1.473214286,12.94642857,0.05,0.06,
2006-03-28,ED6,4,15,15,15.26785714,15.26785714,-0.2232142857,1.473214286,12.94642857,-0.2232142857,1.473214286,12.94642857,0.05,0.06,
2006-03-28,ED7,5,15,15,14.73214286,14.73214286,-0.2232142857,1.473214286,12.94642857,-0.2232142857,1.473214286,12.94642857,0.05,0.06,
2006-03-28,ED8,6,13.75,13.75,13.75,13.75,-0.2232142857,1.473214286,12.94642857,-0.2232142857,1.473214286,12.94642857,0.05,0.055,
2006-05-10,FF2,-1,1.136363636,1.136363636,,,,,,,,,0.055,0.01,
2006-05-10,ED2,0,12.5,12.5,13.06818182,13.06818182,-0.162337662,1.055194804,13.06818182,-0.162337662,1.055194804,13.06818182,0.055,0.055,
2006-05-10,ED3,1,14.77272727,14.77272727,13.96103896,13.96103896,-0.162337662,1.055194804,13.06818182,-0.162337662,1.055194804,13.06818182,0.055,0.065,
2006-05-10,ED4,2,14.77272727,14.77272727,14.52922078,14.52922078,-0.162337662,1.055194804,13.06818182,-0.162337662,1.055194804,13.06818182,0.055,0.065,
2006-05-10,ED5,3,14.77272727,14.77272727,14.77272727,14.77272727,-0.162337662,1.055194804,13.06818182,-0.162337662,1.055194804,13.06818182,0.055,0.065,
2006-05-10,ED6,4,13.63636364,13.63636364,14.69155844,14.69155844,-0.162337662,1.055194804,13.06818182,-0.162337662,1.055194804,13.06818182,0.055,0.06,
2006-05-10,ED7,5,14.77272727,14.77272727,14.28571429,14.28571429,-0.162337662,1.055194804,13.06818182,-0.162337662,1.055194804,13.06818182,0.055,0.065,
2006-05-10,ED8,6,13.63636364,13.63636364,13.55519481,13.55519481,-0.162337662,1.055194804,13.06818182,-0.162337662,1.055194804,13.06818182,0.055,0.06,
2006-06-29,FF2,-1,3.409090909,3.409090909,,,,,,,,,-0.055,-0.015,
2006-06-29,ED2,0,12.5,12.5,12.74350649,12.74350649,-0.2435064937,9.285763269e-10,12.74350649,-0.2435064937,9.285763269e-10,12.74350649,-0.055,-0.055,
2006-06-29,ED3,1,12.5,12.5,12.5,12.5,-0.2435064937,9.285763269e-10,12.74350649,-0.2435064937,9.285763269e-10,12.74350649,-0.055,-0.055,
2006-06-29,ED4,2,12.5,12.5,11.76948052,11.76948052,-0.2435064937,9.285763269e-10,12.74350649,-0.2435064937,9.285763269e-10,12.74350649,-0.055,-0.055,
2006-06-29,ED5,3,10.22727273,10.22727273,10.55194805,10.55194805,-0.2435064937,9.285763269e-10,12.74350649,-0.2435064937,9.285763269e-10,12.74350649,-0.055,-0.045,
2006-06-29,ED6,4,9.090909091,9.090909091,8.847402598,8.847402598,-0.2435064937,9.285763269e-10,12.74350649,-0.2435064937,9.285763269e-10,12.74350649,-0.055,-0.04,
2006-06-29,ED7,5,5.681818182,5.681818182,6.655844156,6.655844156,-0.2435064937,9.285763269e-10,12.74350649,-0.2435064937,9.285763269e-10,12.74350649,-0.055,-0.025,
2006-06-29,ED8,6,4.545454545,4.545454545,3.977272727,3.977272727,-0.2435064937,9.285763269e-10,12.74350649,-0.2435064937,9.285763269e-10,12.74350649,-0.055,-0.02,
2006-08-08,FF2,-1,14.28571429,14.28571429,,,,,,,,,-0.035,-0.035,
2006-08-08,ED2,0,12.5,12.5,11.09693878,12.37330235,0.06377551036,-0.063775511,11.09693878,0.01785264357,-0.071064745,12.37330235,-0.035,-0.035,2026-05-25T14:40:02+00:00
2006-08-08,ED3,1,8.928571429,12.24522138,11.09693877,12.32009025,0.06377551036,-0.063775511,11.09693878,0.01785264357,-0.071064745,12.37330235,-0.035,-0.025,2026-05-25T14:40:02+00:00
2006-08-08,ED4,2,10.71428571,12.00012598,11.22448979,12.30258343,0.06377551036,-0.063775511,11.09693878,0.01785264357,-0.071064745,12.37330235,-0.035,-0.03,2026-05-25T14:40:02+00:00
2006-08-08,ED5,3,12.5,12.5,11.47959184,12.32078191,0.06377551036,-0.063775511,11.09693878,0.01785264357,-0.071064745,12.37330235,-0.035,-0.035,2026-05-25T14:40:02+00:00
2006-08-08,ED6,4,12.5,12.5,11.8622449,12.37468567,0.06377551036,-0.063775511,11.09693878,0.01785264357,-0.071064745,12.37330235,-0.035,-0.035,2026-05-25T14:40:02+00:00
2006-08-08,ED7,5,12.5,12.5,12.37244898,12.46429471,0.06377551036,-0.063775511,11.09693878,0.01785264357,-0.071064745,12.37330235,-0.035,-0.035,2026-05-25T14:40:02+00:00
2006-08-08,ED8,6,12.5,12.5,13.01020408,12.58960905,0.06377551036,-0.063775511,11.09693878,0.01785264357,-0.071064745,12.37330235,-0.035,-0.035,2026-05-25T14:40:02+00:00
2006-09-20,FF2,-1,0,0,,,,,,,,,0.015,-0.005,
2006-09-20,ED2,0,12.5,12.5,13.69047619,12.62818406,-0.7440476188,4.613095237,13.69047619,-0.8634613356,5.748215633,12.62818406,0.015,0.015,2026-05-25T14:40:16+00:00
2006-09-20,ED3,1,16.66666667,16.66666667,17.55952381,17.51293836,-0.7440476188,4.613095237,13.69047619,-0.8634613356,5.748215633,12.62818406,0.015,0.02,2026-05-25T14:40:16+00:00
2006-09-20,ED4,2,25,22.28671921,19.94047619,20.67076999,-0.7440476188,4.613095237,13.69047619,-0.8634613356,5.748215633,12.62818406,0.015,0.03,2026-05-25T14:40:16+00:00
2006-09-20,ED5,3,20.83333333,22.97950516,20.83333333,22.10167894,-0.7440476188,4.613095237,13.69047619,-0.8634613356,5.748215633,12.62818406,0.015,0.025,2026-05-25T14:40:16+00:00
2006-09-20,ED6,4,16.66666667,19.86196909,20.23809524,21.80566523,-0.7440476188,4.613095237,13.69047619,-0.8634613356,5.748215633,12.62818406,0.015,0.02,2026-05-25T14:40:16+00:00
2006-09-20,ED7,5,16.66666667,19.5733084,18.15476191,19.78272884,-0.7440476188,4.613095237,13.69047619,-0.8634613356,5.748215633,12.62818406,0.015,0.02,2026-05-25T14:40:16+00:00
2006-09-20,ED8,6,16.66666667,16.66666667,14.58333334,16.03286978,-0.7440476188,4.613095237,13.69047619,-0.8634613356,5.748215633,12.62818406,0.015,0.02,2026-05-25T14:40:16+00:00
2006-12-12,FF2,-1,-0,-0,,,,,,,,,-0.015,0,
2006-12-12,ED2,0,12.5,12.5,19.1468254,15.5319303,-1.736111111,15.0297619,19.1468254,-1.396749073,14.08190262,15.5319303,-0.015,-0.015,2026-05-25T14:40:41+00:00
2006-12-12,ED3,1,41.66666667,33.50781285,32.44047619,28.21708385,-1.736111111,15.0297619,19.1468254,-1.396749073,14.08190262,15.5319303,-0.015,-0.05,2026-05-25T14:40:41+00:00
2006-12-12,ED4,2,45.83333333,36.92165988,42.26190476,38.10873925,-1.736111111,15.0297619,19.1468254,-1.396749073,14.08190262,15.5319303,-0.015,-0.055,2026-05-25T14:40:41+00:00
2006-12-12,ED5,3,45.83333333,45.83333333,48.61111111,45.20689651,-1.736111111,15.0297619,19.1468254,-1.396749073,14.08190262,15.5319303,-0.015,-0.055,2026-05-25T14:40:41+00:00
2006-12-12,ED6,4,45.83333333,47.32638581,51.48809524,49.51155562,-1.736111111,15.0297619,19.1468254,-1.396749073,14.08190262,15.5319303,-0.015,-0.055,2026-05-25T14:40:41+00:00
2006-12-12,ED7,5,50,50,50.89285714,51.02271659,-1.736111111,15.0297619,19.1468254,-1.396749073,14.08190262,15.5319303,-0.015,-0.06,2026-05-25T14:40:41+00:00
2006-12-12,ED8,6,50,51.25010965,46.82539683,49.74037941,-1.736111111,15.0297619,19.1468254,-1.396749073,14.08190262,15.5319303,-0.015,-0.06,2026-05-25T14:40:41+00:00
2007-03-21,FF2,-1,-0,-0,,,,,,,,,-0.095,-0.005,
2007-03-21,ED2,0,12.5,12.5,12.89160401,12.89160401,-0.3681077692,2.091165412,12.89160401,-0.3681077692,2.091165412,12.89160401,-0.095,-0.095,
2007-03-21,ED3,1,15.13157895,15.13157895,14.61466165,14.61466165,-0.3681077692,2.091165412,12.89160401,-0.3681077692,2.091165412,12.89160401,-0.095,-0.115,
2007-03-21,ED4,2,15.78947368,15.78947368,15.60150376,15.60150376,-0.3681077692,2.091165412,12.89160401,-0.3681077692,2.091165412,12.89160401,-0.095,-0.12,
2007-03-21,ED5,3,15.78947368,15.78947368,15.85213032,15.85213032,-0.3681077692,2.091165412,12.89160401,-0.3681077692,2.091165412,12.89160401,-0.095,-0.12,
2007-03-21,ED6,4,15.13157895,15.13157895,15.36654135,15.36654135,-0.3681077692,2.091165412,12.89160401,-0.3681077692,2.091165412,12.89160401,-0.095,-0.115,
2007-03-21,ED7,5,13.81578947,13.81578947,14.14473684,14.14473684,-0.3681077692,2.091165412,12.89160401,-0.3681077692,2.091165412,12.89160401,-0.095,-0.105,
2007-03-21,ED8,6,12.5,12.5,12.18671679,12.18671679,-0.3681077692,2.091165412,12.89160401,-0.3681077692,2.091165412,12.89160401,-0.095,-0.095,
2007-05-09,FF2,-1,1.785714286,1.785714286,,,,,,,,,0.035,0,
2007-05-09,ED2,0,12.5,12.5,13.52040816,13.52040816,-1.147959184,7.015306124,13.52040816,-1.147959184,7.015306124,13.52040816,0.035,0.035,
2007-05-09,ED3,1,19.64285714,19.64285714,19.3877551,19.3877551,-1.147959184,7.015306124,13.52040816,-1.147959184,7.015306124,13.52040816,0.035,0.055,
2007-05-09,ED4,2,25,25,22.95918367,22.95918367,-1.147959184,7.015306124,13.52040816,-1.147959184,7.015306124,13.52040816,0.035,0.07,
2007-05-09,ED5,3,25,25,24.23469388,24.23469388,-1.147959184,7.015306124,13.52040816,-1.147959184,7.015306124,13.52040816,0.035,0.07,
2007-05-09,ED6,4,21.42857143,21.42857143,23.21428571,23.21428571,-1.147959184,7.015306124,13.52040816,-1.147959184,7.015306124,13.52040816,0.035,0.06,
2007-05-09,ED7,5,17.85714286,17.85714286,19.89795918,19.89795918,-1.147959184,7.015306124,13.52040816,-1.147959184,7.015306124,13.52040816,0.035,0.05,
2007-05-09,ED8,6,16.07142857,16.07142857,14.28571429,14.28571429,-1.147959184,7.015306124,13.52040816,-1.147959184,7.015306124,13.52040816,0.035,0.045,
2007-08-07,FF2,-1,-3.125,-3.125,,,,,,,,,-0.02,0.005,
2007-08-07,ED2,0,12.5,12.5,15.0297619,13.94213692,-1.19047619,7.142857143,15.0297619,-1.19047619,7.36038214,13.94213692,-0.02,-0.02,2026-05-25T14:40:48+00:00
2007-08-07,ED3,1,25,21.95465004,20.98214286,20.11204287,-1.19047619,7.142857143,15.0297619,-1.19047619,7.36038214,13.94213692,-0.02,-0.04,2026-05-25T14:40:48+00:00
2007-08-07,ED4,2,25,25,24.55357143,23.90099644,-1.19047619,7.142857143,15.0297619,-1.19047619,7.36038214,13.94213692,-0.02,-0.04,2026-05-25T14:40:48+00:00
2007-08-07,ED5,3,25,25,25.74404762,25.30899762,-1.19047619,7.142857143,15.0297619,-1.19047619,7.36038214,13.94213692,-0.02,-0.04,2026-05-25T14:40:48+00:00
2007-08-07,ED6,4,21.875,21.875,24.55357143,24.33604643,-1.19047619,7.142857143,15.0297619,-1.19047619,7.36038214,13.94213692,-0.02,-0.035,2026-05-25T14:40:48+00:00
2007-08-07,ED7,5,21.875,21.875,20.98214286,20.98214286,-1.19047619,7.142857143,15.0297619,-1.19047619,7.36038214,13.94213692,-0.02,-0.035,2026-05-25T14:40:48+00:00
2007-08-07,ED8,6,15.625,15.625,15.0297619,15.2472869,-1.19047619,7.142857143,15.0297619,-1.19047619,7.36038214,13.94213692,-0.02,-0.025,2026-05-25T14:40:48+00:00
2007-08-17,FF2,-1,-6.25,-6.25,,,,,,,,,-0.055,0.01,
2007-08-17,ED2,0,12.5,12.5,11.5530303,11.5530303,0.3787878788,-3.165584416,11.5530303,0.3787878788,-3.165584416,11.5530303,-0.055,-0.055,
2007-08-17,ED3,1,6.818181818,6.818181818,8.766233766,8.766233766,0.3787878788,-3.165584416,11.5530303,0.3787878788,-3.165584416,11.5530303,-0.055,-0.03,
2007-08-17,ED4,2,7.954545455,7.954545455,6.737012987,6.737012987,0.3787878788,-3.165584416,11.5530303,0.3787878788,-3.165584416,11.5530303,-0.055,-0.035,
2007-08-17,ED5,3,4.545454545,4.545454545,5.465367965,5.465367965,0.3787878788,-3.165584416,11.5530303,0.3787878788,-3.165584416,11.5530303,-0.055,-0.02,
2007-08-17,ED6,4,5.681818182,5.681818182,4.951298701,4.951298701,0.3787878788,-3.165584416,11.5530303,0.3787878788,-3.165584416,11.5530303,-0.055,-0.025,
2007-08-17,ED7,5,5.681818182,5.681818182,5.194805195,5.194805195,0.3787878788,-3.165584416,11.5530303,0.3787878788,-3.165584416,11.5530303,-0.055,-0.025,
2007-08-17,ED8,6,5.681818182,5.681818182,6.195887446,6.195887446,0.3787878788,-3.165584416,11.5530303,0.3787878788,-3.165584416,11.5530303,-0.055,-0.025,
2007-09-18,FF2,-1,12.33108108,12.33108108,,,,,,,,,-0.185,-0.18,
2007-09-18,ED2,0,12.5,12.5,12.74131274,12.74131274,0.04826254829,-1.206563706,12.74131274,0.04826254829,-1.206563706,12.74131274,-0.185,-0.185,
2007-09-18,ED3,1,11.82432432,11.82432432,11.58301158,11.58301158,0.04826254829,-1.206563706,12.74131274,0.04826254829,-1.206563706,12.74131274,-0.185,-0.175,
2007-09-18,ED4,2,10.81081081,10.81081081,10.52123552,10.52123552,0.04826254829,-1.206563706,12.74131274,0.04826254829,-1.206563706,12.74131274,-0.185,-0.16,
2007-09-18,ED5,3,9.459459459,9.459459459,9.555984555,9.555984555,0.04826254829,-1.206563706,12.74131274,0.04826254829,-1.206563706,12.74131274,-0.185,-0.14,
2007-09-18,ED6,4,8.445945946,8.445945946,8.687258687,8.687258687,0.04826254829,-1.206563706,12.74131274,0.04826254829,-1.206563706,12.74131274,-0.185,-0.125,
2007-09-18,ED7,5,7.77027027,7.77027027,7.915057915,7.915057915,0.04826254829,-1.206563706,12.74131274,0.04826254829,-1.206563706,12.74131274,-0.185,-0.115,
2007-09-18,ED8,6,7.432432432,7.432432432,7.239382239,7.239382239,0.04826254829,-1.206563706,12.74131274,0.04826254829,-1.206563706,12.74131274,-0.185,-0.11,
2007-10-31,FF2,-1,-5.208333333,-5.208333333,,,,,,,,,0.06,-0.02,
2007-10-31,ED2,0,12.5,12.5,13.44246032,13.44246032,-0.4960317458,3.422619047,13.44246032,-0.4960317458,3.422619047,13.44246032,0.06,0.06,
2007-10-31,ED3,1,17.70833333,17.70833333,16.36904762,16.36904762,-0.4960317458,3.422619047,13.44246032,-0.4960317458,3.422619047,13.44246032,0.06,0.085,
2007-10-31,ED4,2,18.75,18.75,18.30357143,18.30357143,-0.4960317458,3.422619047,13.44246032,-0.4960317458,3.422619047,13.44246032,0.06,0.09,
2007-10-31,ED5,3,18.75,18.75,19.24603174,19.24603174,-0.4960317458,3.422619047,13.44246032,-0.4960317458,3.422619047,13.44246032,0.06,0.09,
2007-10-31,ED6,4,18.75,18.75,19.19642857,19.19642857,-0.4960317458,3.422619047,13.44246032,-0.4960317458,3.422619047,13.44246032,0.06,0.09,
2007-10-31,ED7,5,17.70833333,17.70833333,18.15476191,18.15476191,-0.4960317458,3.422619047,13.44246032,-0.4960317458,3.422619047,13.44246032,0.06,0.085,
2007-10-31,ED8,6,16.66666667,16.66666667,16.12103175,16.12103175,-0.4960317458,3.422619047,13.44246032,-0.4960317458,3.422619047,13.44246032,0.06,0.08,
2007-12-11,FF2,-1,4.5,4.5,,,,,,,,,0.125,0.045,
2007-12-11,ED2,0,12.5,12.5,11.88095238,11.88095238,1.226190476,-10.75,11.88095238,1.226190476,-10.75,11.88095238,0.125,0.125,
2007-12-11,ED3,1,2,2,2.357142857,2.357142857,1.226190476,-10.75,11.88095238,1.226190476,-10.75,11.88095238,0.125,0.02,
2007-12-11,ED4,2,-5.5,-5.5,-4.714285714,-4.714285714,1.226190476,-10.75,11.88095238,1.226190476,-10.75,11.88095238,0.125,-0.055,
2007-12-11,ED5,3,-10,-10,-9.333333333,-9.333333333,1.226190476,-10.75,11.88095238,1.226190476,-10.75,11.88095238,0.125,-0.1,
2007-12-11,ED6,4,-10.5,-10.5,-11.5,-11.5,1.226190476,-10.75,11.88095238,1.226190476,-10.75,11.88095238,0.125,-0.105,
2007-12-11,ED7,5,-10,-10,-11.21428571,-11.21428571,1.226190476,-10.75,11.88095238,1.226190476,-10.75,11.88095238,0.125,-0.1,
2007-12-11,ED8,6,-9.5,-9.5,-8.476190476,-8.476190476,1.226190476,-10.75,11.88095238,1.226190476,-10.75,11.88095238,0.125,-0.095,
2008-01-22,FF2,-1,32.23684211,32.23684211,,,,,,,,,-0.095,-0.225,
2008-01-22,ED2,0,12.5,12.5,11.89692982,11.89692982,0.4268483709,-5.110432331,11.89692982,0.4268483709,-5.110432331,11.89692982,-0.095,-0.095,
2008-01-22,ED3,1,6.578947368,6.578947368,7.213345864,7.213345864,0.4268483709,-5.110432331,11.89692982,0.4268483709,-5.110432331,11.89692982,-0.095,-0.05,
2008-01-22,ED4,2,2.631578947,2.631578947,3.383458646,3.383458646,0.4268483709,-5.110432331,11.89692982,0.4268483709,-5.110432331,11.89692982,-0.095,-0.02,
2008-01-22,ED5,3,0.6578947368,0.6578947368,0.4072681703,0.4072681703,0.4268483709,-5.110432331,11.89692982,0.4268483709,-5.110432331,11.89692982,-0.095,-0.005,
2008-01-22,ED6,4,-0.6578947368,-0.6578947368,-1.715225564,-1.715225564,0.4268483709,-5.110432331,11.89692982,0.4268483709,-5.110432331,11.89692982,-0.095,0.005,
2008-01-22,ED7,5,-3.289473684,-3.289473684,-2.984022556,-2.984022556,0.4268483709,-5.110432331,11.89692982,0.4268483709,-5.110432331,11.89692982,-0.095,0.025,
2008-01-22,ED8,6,-3.618421053,-3.618421053,-3.399122807,-3.399122807,0.4268483709,-5.110432331,11.89692982,0.4268483709,-5.110432331,11.89692982,-0.095,0.0275,
2008-01-30,FF2,-1,10.33653846,10.33653846,,,,,,,,,-0.13,-0.11,
2008-01-30,ED2,0,12.5,12.5,12.85485348,12.85485348,0.005723443202,-2.661401099,12.85485348,0.005723443202,-2.661401099,12.85485348,-0.13,-0.13,
2008-01-30,ED3,1,10.57692308,10.57692308,10.19917583,10.19917583,0.005723443202,-2.661401099,12.85485348,0.005723443202,-2.661401099,12.85485348,-0.13,-0.11,
2008-01-30,ED4,2,8.173076923,8.173076923,7.554945056,7.554945056,0.005723443202,-2.661401099,12.85485348,0.005723443202,-2.661401099,12.85485348,-0.13,-0.085,
2008-01-30,ED5,3,4.326923077,4.326923077,4.922161173,4.922161173,0.005723443202,-2.661401099,12.85485348,0.005723443202,-2.661401099,12.85485348,-0.13,-0.045,
2008-01-30,ED6,4,1.923076923,1.923076923,2.300824176,2.300824176,0.005723443202,-2.661401099,12.85485348,0.005723443202,-2.661401099,12.85485348,-0.13,-0.02,
2008-01-30,ED7,5,-0,-0,-0.3090659342,-0.3090659342,0.005723443202,-2.661401099,12.85485348,0.005723443202,-2.661401099,12.85485348,-0.13,0,
2008-01-30,ED8,6,-2.884615385,-2.884615385,-2.907509158,-2.907509158,0.005723443202,-2.661401099,12.85485348,0.005723443202,-2.661401099,12.85485348,-0.13,0.03,
2008-03-11,FF2,-1,6.617647059,6.617647059,,,,,,,,,0.085,0.045,
2008-03-11,ED2,0,12.5,12.5,12.85889356,12.85889356,-0.3588935573,2.678571427,12.85889356,-0.3588935573,2.678571427,12.85889356,0.085,0.085,
2008-03-11,ED3,1,15.44117647,15.44117647,15.17857143,15.17857143,-0.3588935573,2.678571427,12.85889356,-0.3588935573,2.678571427,12.85889356,0.085,0.105,
2008-03-11,ED4,2,17.64705882,17.64705882,16.78046218,16.78046218,-0.3588935573,2.678571427,12.85889356,-0.3588935573,2.678571427,12.85889356,0.085,0.12,
2008-03-11,ED5,3,16.91176471,16.91176471,17.66456582,17.66456582,-0.3588935573,2.678571427,12.85889356,-0.3588935573,2.678571427,12.85889356,0.085,0.115,
2008-03-11,ED6,4,17.64705882,17.64705882,17.83088235,17.83088235,-0.3588935573,2.678571427,12.85889356,-0.3588935573,2.678571427,12.85889356,0.085,0.12,
2008-03-11,ED7,5,17.27941176,17.27941176,17.27941176,17.27941176,-0.3588935573,2.678571427,12.85889356,-0.3588935573,2.678571427,12.85889356,0.085,0.1175,
2008-03-11,ED8,6,16.17647059,16.17647059,16.01015406,16.01015406,-0.3588935573,2.678571427,12.85889356,-0.3588935573,2.678571427,12.85889356,0.085,0.11,
2008-03-18,FF2,-1,71.875,71.875,,,,,,,,,0.02,0.125,
2008-03-18,ED2,0,12.5,12.5,10.56547619,10.90289898,1.041666667,-4.017857143,10.56547619,0.3431772693,-3.282114305,10.90289898,0.02,0.02,2026-05-25T14:43:34+00:00
2008-03-18,ED3,1,6.25,6.25,7.589285714,7.963961946,1.041666667,-4.017857143,10.56547619,0.3431772693,-3.282114305,10.90289898,0.02,0.01,2026-05-25T14:43:34+00:00
2008-03-18,ED4,2,3.125,3.125,6.696428571,5.711379449,1.041666667,-4.017857143,10.56547619,0.3431772693,-3.282114305,10.90289898,0.02,0.005,2026-05-25T14:43:34+00:00
2008-03-18,ED5,3,9.375,7.057039865,7.886904762,4.145151491,1.041666667,-4.017857143,10.56547619,0.3431772693,-3.282114305,10.90289898,0.02,0.015,2026-05-25T14:43:34+00:00
2008-03-18,ED6,4,12.5,3.23099382,11.16071429,3.265278071,1.041666667,-4.017857143,10.56547619,0.3431772693,-3.282114305,10.90289898,0.02,0.02,2026-05-25T14:43:34+00:00
2008-03-18,ED7,5,18.75,3.737383982,16.51785714,3.07175919,1.041666667,-4.017857143,10.56547619,0.3431772693,-3.282114305,10.90289898,0.02,0.03,2026-05-25T14:43:34+00:00
2008-03-18,ED8,6,21.875,2.724606309,23.95833333,3.564594848,1.041666667,-4.017857143,10.56547619,0.3431772693,-3.282114305,10.90289898,0.02,0.035,2026-05-25T14:43:34+00:00
2008-04-30,FF2,-1,9.375,9.375,,,,,,,,,-0.08,-0.06,
2008-04-30,ED2,0,12.5,12.5,13.54166667,13.54166667,0.1302083333,-3.069196429,13.54166667,0.1302083333,-3.069196429,13.54166667,-0.08,-0.08,
2008-04-30,ED3,1,12.5,12.5,10.60267857,10.60267857,0.1302083333,-3.069196429,13.54166667,0.1302083333,-3.069196429,13.54166667,-0.08,-0.08,
2008-04-30,ED4,2,7.8125,7.8125,7.924107143,7.924107143,0.1302083333,-3.069196429,13.54166667,0.1302083333,-3.069196429,13.54166667,-0.08,-0.05,
2008-04-30,ED5,3,4.6875,4.6875,5.505952381,5.505952381,0.1302083333,-3.069196429,13.54166667,0.1302083333,-3.069196429,13.54166667,-0.08,-0.03,
2008-04-30,ED6,4,3.125,3.125,3.348214286,3.348214286,0.1302083333,-3.069196429,13.54166667,0.1302083333,-3.069196429,13.54166667,-0.08,-0.02,
2008-04-30,ED7,5,1.5625,1.5625,1.450892857,1.450892857,0.1302083333,-3.069196429,13.54166667,0.1302083333,-3.069196429,13.54166667,-0.08,-0.01,
2008-04-30,ED8,6,-0,-0,-0.1860119048,-0.1860119048,0.1302083333,-3.069196429,13.54166667,0.1302083333,-3.069196429,13.54166667,-0.08,0,
2008-06-25,FF2,-1,3.75,3.75,,,,,,,,,-0.05,-0.01,
2008-06-25,ED2,0,12.5,12.5,10.95238095,12.4269239,-0.4836309524,3.236607143,10.95238095,-0.551058796,3.305808908,12.4269239,-0.05,-0.05,2026-05-25T15:02:09+00:00
2008-06-25,ED3,1,11.25,15.00112434,13.70535714,15.18167402,-0.4836309524,3.236607143,10.95238095,-0.551058796,3.305808908,12.4269239,-0.05,-0.045,2026-05-25T15:02:09+00:00
2008-06-25,ED4,2,15,16.88797962,15.49107143,16.83430654,-0.4836309524,3.236607143,10.95238095,-0.551058796,3.305808908,12.4269239,-0.05,-0.06,2026-05-25T15:02:09+00:00
2008-06-25,ED5,3,17.5,17.5,16.30952381,17.38482146,-0.4836309524,3.236607143,10.95238095,-0.551058796,3.305808908,12.4269239,-0.05,-0.07,2026-05-25T15:02:09+00:00
2008-06-25,ED6,4,16.875,16.875,16.16071429,16.8332188,-0.4836309524,3.236607143,10.95238095,-0.551058796,3.305808908,12.4269239,-0.05,-0.0675,2026-05-25T15:02:09+00:00
2008-06-25,ED7,5,15,15,15.04464286,15.17949854,-0.4836309524,3.236607143,10.95238095,-0.551058796,3.305808908,12.4269239,-0.05,-0.06,2026-05-25T15:02:09+00:00
2008-06-25,ED8,6,12.5,12.5,12.96130952,12.4236607,-0.4836309524,3.236607143,10.95238095,-0.551058796,3.305808908,12.4269239,-0.05,-0.05,2026-05-25T15:02:09+00:00
2008-08-05,FF2,-1,3.571428571,3.571428571,,,,,,,,,-0.035,-0.01,
2008-08-05,ED2,0,12.5,12.5,11.11819728,12.25051915,-0.3082482995,2.264030614,11.11819728,-0.3082482995,2.03756624,12.25051915,-0.035,-0.035,2026-05-25T15:02:14+00:00
2008-08-05,ED3,1,10.71428571,13.88478694,13.07397959,13.97983709,-0.3082482995,2.264030614,11.11819728,-0.3082482995,2.03756624,12.25051915,-0.035,-0.03,2026-05-25T15:02:14+00:00
2008-08-05,ED4,2,14.28571429,14.28571429,14.41326531,15.09265843,-0.3082482995,2.264030614,11.11819728,-0.3082482995,2.03756624,12.25051915,-0.035,-0.04,2026-05-25T15:02:14+00:00
2008-08-05,ED5,3,16.07142857,16.07142857,15.13605442,15.58898317,-0.3082482995,2.264030614,11.11819728,-0.3082482995,2.03756624,12.25051915,-0.035,-0.045,2026-05-25T15:02:14+00:00
2008-08-05,ED6,4,16.07142857,16.07142857,15.24234694,15.46881131,-0.3082482995,2.264030614,11.11819728,-0.3082482995,2.03756624,12.25051915,-0.035,-0.045,2026-05-25T15:02:14+00:00
2008-08-05,ED7,5,14.28571429,14.28571429,14.73214286,14.73214286,-0.3082482995,2.264030614,11.11819728,-0.3082482995,2.03756624,12.25051915,-0.035,-0.04,2026-05-25T15:02:14+00:00
2008-08-05,ED8,6,13.39285714,13.39285714,13.60544218,13.3789778,-0.3082482995,2.264030614,11.11819728,-0.3082482995,2.03756624,12.25051915,-0.035,-0.0375,2026-05-25T15:02:14+00:00
2008-09-16,FF2,-1,13.4375,13.4375,,,,,,,,,0.1,0.105,
2008-09-16,ED2,0,12.5,12.5,11.2202381,12.57290164,0.00744047619,0.9598214286,11.2202381,-0.2687576644,2.10363737,12.57290164,0.1,0.1,2026-05-25T15:02:24+00:00
2008-09-16,ED3,1,11.25,14.51727188,12.1875,14.40778134,0.00744047619,0.9598214286,11.2202381,-0.2687576644,2.10363737,12.57290164,0.1,0.09,2026-05-25T15:02:24+00:00
2008-09-16,ED4,2,11.25,15.52635291,13.16964286,15.70514572,0.00744047619,0.9598214286,11.2202381,-0.2687576644,2.10363737,12.57290164,0.1,0.09,2026-05-25T15:02:24+00:00
2008-09-16,ED5,3,14.375,16.96789627,14.16666667,16.46499477,0.00744047619,0.9598214286,11.2202381,-0.2687576644,2.10363737,12.57290164,0.1,0.115,2026-05-25T15:02:24+00:00
2008-09-16,ED6,4,16.25,16.25,15.17857143,16.68732849,0.00744047619,0.9598214286,11.2202381,-0.2687576644,2.10363737,12.57290164,0.1,0.13,2026-05-25T15:02:24+00:00
2008-09-16,ED7,5,18.125,16.34322771,16.20535714,16.37214688,0.00744047619,0.9598214286,11.2202381,-0.2687576644,2.10363737,12.57290164,0.1,0.145,2026-05-25T15:02:24+00:00
2008-09-16,ED8,6,15.625,15.625,17.24702381,15.51944994,0.00744047619,0.9598214286,11.2202381,-0.2687576644,2.10363737,12.57290164,0.1,0.125,2026-05-25T15:02:24+00:00
2008-10-08,FF2,-1,15.625,15.625,,,,,,,,,-0.02,-0.025,
2008-10-08,ED2,0,12.5,12.5,7.8125,10.68535691,-1.227678571,6.138392857,7.8125,-0.9498979345,4.328827332,10.68535691,-0.02,-0.02,2026-05-25T15:03:43+00:00
2008-10-08,ED3,1,9.375,14.4000156,12.72321429,14.06428631,-1.227678571,6.138392857,7.8125,-0.9498979345,4.328827332,10.68535691,-0.02,-0.015,2026-05-25T15:03:43+00:00
2008-10-08,ED4,2,6.25,9.920143161,15.17857143,15.54341984,-1.227678571,6.138392857,7.8125,-0.9498979345,4.328827332,10.68535691,-0.02,-0.01,2026-05-25T15:03:43+00:00
2008-10-08,ED5,3,18.75,14.18668906,15.17857143,15.1227575,-1.227678571,6.138392857,7.8125,-0.9498979345,4.328827332,10.68535691,-0.02,-0.03,2026-05-25T15:03:43+00:00
2008-10-08,ED6,4,18.75,18.7732254,12.72321429,12.80229929,-1.227678571,6.138392857,7.8125,-0.9498979345,4.328827332,10.68535691,-0.02,-0.03,2026-05-25T15:03:43+00:00
2008-10-08,ED7,5,9.375,9.375,7.8125,8.582045208,-1.227678571,6.138392857,7.8125,-0.9498979345,4.328827332,10.68535691,-0.02,-0.015,2026-05-25T15:03:43+00:00
2008-10-08,ED8,6,-3.125,0.1070870856,0.4464285714,2.46199526,-1.227678571,6.138392857,7.8125,-0.9498979345,4.328827332,10.68535691,-0.02,0.005,2026-05-25T15:03:43+00:00
2008-10-29,FF2,-1,14.84375,14.84375,,,,,,,,,-0.04,-0.05,
2008-10-29,ED2,0,12.5,12.5,15.47619048,14.13520686,-1.413690476,6.696428571,15.47619048,-1.495729244,7.718708773,14.13520686,-0.04,-0.04,2026-05-25T15:03:58+00:00
2008-10-29,ED3,1,23.4375,22.18235961,20.75892857,20.35818639,-1.413690476,6.696428571,15.47619048,-1.495729244,7.718708773,14.13520686,-0.04,-0.075,2026-05-25T15:03:58+00:00
2008-10-29,ED4,2,26.5625,25.11904273,23.21428571,23.58970743,-1.413690476,6.696428571,15.47619048,-1.495729244,7.718708773,14.13520686,-0.04,-0.085,2026-05-25T15:03:58+00:00
2008-10-29,ED5,3,23.4375,23.4375,22.8422619,23.82976998,-1.413690476,6.696428571,15.47619048,-1.495729244,7.718708773,14.13520686,-0.04,-0.075,2026-05-25T15:03:58+00:00
2008-10-29,ED6,4,15.625,19.36554278,19.64285714,21.07837404,-1.413690476,6.696428571,15.47619048,-1.495729244,7.718708773,14.13520686,-0.04,-0.05,2026-05-25T15:03:58+00:00
2008-10-29,ED7,5,10.9375,14.51102588,13.61607143,15.33551961,-1.413690476,6.696428571,15.47619048,-1.495729244,7.718708773,14.13520686,-0.04,-0.035,2026-05-25T15:03:58+00:00
2008-10-29,ED8,6,7.8125,7.8125,4.761904762,6.601206698,-1.413690476,6.696428571,15.47619048,-1.495729244,7.718708773,14.13520686,-0.04,-0.025,2026-05-25T15:03:58+00:00
2008-11-25,FF2,-1,0.5,0.5,,,,,,,,,-0.125,-0.005,
2008-11-25,ED2,0,12.5,12.5,12.5,12.5,-1.125,2.125,12.5,-1.125,2.125,12.5,-0.125,-0.125,
2008-11-25,ED3,1,13.5,13.5,13.5,13.5,-1.125,2.125,12.5,-1.125,2.125,12.5,-0.125,-0.135,
2008-11-25,ED4,2,12.25,12.25,12.25,12.25,-1.125,2.125,12.5,-1.125,2.125,12.5,-0.125,-0.1225,
2008-11-25,ED5,3,,,,,-1.125,2.125,12.5,-1.125,2.125,12.5,-0.125,,
2008-11-25,ED6,4,,,,,-1.125,2.125,12.5,-1.125,2.125,12.5,-0.125,,
2008-11-25,ED7,5,,,,,-1.125,2.125,12.5,-1.125,2.125,12.5,-0.125,,
2008-11-25,ED8,6,,,,,-1.125,2.125,12.5,-1.125,2.125,12.5,-0.125,,
2008-12-16,FF2,-1,8.894230769,8.894230769,,,,,,,,,-0.26,-0.185,
2008-12-16,ED2,0,12.5,12.5,12.60874542,12.60874542,-0.07440476155,0.1717032946,12.60874542,-0.07440476155,0.1717032946,12.60874542,-0.26,-0.26,
2008-12-16,ED3,1,12.74038462,12.74038462,12.70604396,12.70604396,-0.07440476155,0.1717032946,12.60874542,-0.07440476155,0.1717032946,12.60874542,-0.26,-0.265,
2008-12-16,ED4,2,12.98076923,12.98076923,12.65453297,12.65453297,-0.07440476155,0.1717032946,12.60874542,-0.07440476155,0.1717032946,12.60874542,-0.26,-0.27,
2008-12-16,ED5,3,12.25961538,12.25961538,12.45421245,12.45421245,-0.07440476155,0.1717032946,12.60874542,-0.07440476155,0.1717032946,12.60874542,-0.26,-0.255,
2008-12-16,ED6,4,12.01923077,12.01923077,12.10508242,12.10508242,-0.07440476155,0.1717032946,12.60874542,-0.07440476155,0.1717032946,12.60874542,-0.26,-0.25,
2008-12-16,ED7,5,11.53846154,11.53846154,11.60714286,11.60714286,-0.07440476155,0.1717032946,12.60874542,-0.07440476155,0.1717032946,12.60874542,-0.26,-0.24,
2008-12-16,ED8,6,11.05769231,11.05769231,10.96039378,10.96039378,-0.07440476155,0.1717032946,12.60874542,-0.07440476155,0.1717032946,12.60874542,-0.26,-0.23,
2009-03-18,FF2,-1,1.041666667,1.041666667,,,,,,,,,-0.06,-0.0075,
2009-03-18,ED2,0,12.5,12.5,13.07043651,13.07043651,-0.1612103176,0.8556547636,13.07043651,-0.1612103176,0.8556547636,13.07043651,-0.06,-0.06,
2009-03-18,ED3,1,14.58333333,14.58333333,13.76488095,13.76488095,-0.1612103176,0.8556547636,13.07043651,-0.1612103176,0.8556547636,13.07043651,-0.06,-0.07,
2009-03-18,ED4,2,14.58333333,14.58333333,14.13690476,14.13690476,-0.1612103176,0.8556547636,13.07043651,-0.1612103176,0.8556547636,13.07043651,-0.06,-0.07,
2009-03-18,ED5,3,13.54166667,13.54166667,14.18650794,14.18650794,-0.1612103176,0.8556547636,13.07043651,-0.1612103176,0.8556547636,13.07043651,-0.06,-0.065,
2009-03-18,ED6,4,13.54166667,13.54166667,13.91369048,13.91369048,-0.1612103176,0.8556547636,13.07043651,-0.1612103176,0.8556547636,13.07043651,-0.06,-0.065,
2009-03-18,ED7,5,13.54166667,13.54166667,13.31845238,13.31845238,-0.1612103176,0.8556547636,13.07043651,-0.1612103176,0.8556547636,13.07043651,-0.06,-0.065,
2009-03-18,ED8,6,12.5,12.5,12.40079365,12.40079365,-0.1612103176,0.8556547636,13.07043651,-0.1612103176,0.8556547636,13.07043651,-0.06,-0.06,
2009-06-24,FF2,-1,1.785714286,1.785714286,,,,,,,,,0.035,0,
2009-06-24,ED2,0,12.5,12.5,11.35204082,11.35204082,-0.7653061226,8.801020409,11.35204082,-0.7653061226,8.801020409,11.35204082,0.035,0.035,
2009-06-24,ED3,1,17.85714286,17.85714286,19.3877551,19.3877551,-0.7653061226,8.801020409,11.35204082,-0.7653061226,8.801020409,11.35204082,0.035,0.05,
2009-06-24,ED4,2,25,25,25.89285714,25.89285714,-0.7653061226,8.801020409,11.35204082,-0.7653061226,8.801020409,11.35204082,0.035,0.07,
2009-06-24,ED5,3,32.14285714,32.14285714,30.86734694,30.86734694,-0.7653061226,8.801020409,11.35204082,-0.7653061226,8.801020409,11.35204082,0.035,0.09,
2009-06-24,ED6,4,33.92857143,33.92857143,34.31122449,34.31122449,-0.7653061226,8.801020409,11.35204082,-0.7653061226,8.801020409,11.35204082,0.035,0.095,
2009-06-24,ED7,5,37.5,37.5,36.22448979,36.22448979,-0.7653061226,8.801020409,11.35204082,-0.7653061226,8.801020409,11.35204082,0.035,0.105,
2009-06-24,ED8,6,35.71428571,35.71428571,36.60714285,36.60714285,-0.7653061226,8.801020409,11.35204082,-0.7653061226,8.801020409,11.35204082,0.035,0.1,
2009-08-12,FF2,-1,-0,-0,,,,,,,,,-0.02,0,
2009-08-12,ED2,0,12.5,12.5,18.34077381,14.07984149,-0.5952380952,1.450892857,18.34077381,-0.8547810524,4.274783061,14.07984149,-0.02,-0.02,2026-05-25T15:04:17+00:00
2009-08-12,ED3,1,28.125,20.37015155,19.19642857,17.4998435,-0.5952380952,1.450892857,18.34077381,-0.8547810524,4.274783061,14.07984149,-0.02,-0.045,2026-05-25T15:04:17+00:00
2009-08-12,ED4,2,18.75,18.75,18.86160714,19.2102834,-0.5952380952,1.450892857,18.34077381,-0.8547810524,4.274783061,14.07984149,-0.02,-0.03,2026-05-25T15:04:17+00:00
2009-08-12,ED5,3,18.75,18.75,17.33630952,19.2111612,-0.5952380952,1.450892857,18.34077381,-0.8547810524,4.274783061,14.07984149,-0.02,-0.03,2026-05-25T15:04:17+00:00
2009-08-12,ED6,4,9.375,16.6422028,14.62053571,17.5024769,-0.5952380952,1.450892857,18.34077381,-0.8547810524,4.274783061,14.07984149,-0.02,-0.015,2026-05-25T15:04:17+00:00
2009-08-12,ED7,5,7.8125,14.15690461,10.71428571,14.08423049,-0.5952380952,1.450892857,18.34077381,-0.8547810524,4.274783061,14.07984149,-0.02,-0.0125,2026-05-25T15:04:17+00:00
2009-08-12,ED8,6,9.375,9.375,5.617559524,8.956421974,-0.5952380952,1.450892857,18.34077381,-0.8547810524,4.274783061,14.07984149,-0.02,-0.015,2026-05-25T15:04:17+00:00
2009-09-23,FF2,-1,0.9375,0.9375,,,,,,,,,-0.1,-0.01,
2009-09-23,ED2,0,12.5,12.5,12.88690476,12.88690476,-0.4092261905,2.65625,12.88690476,-0.4092261905,2.65625,12.88690476,-0.1,-0.1,
2009-09-23,ED3,1,15.625,15.625,15.13392857,15.13392857,-0.4092261905,2.65625,12.88690476,-0.4092261905,2.65625,12.88690476,-0.1,-0.125,
2009-09-23,ED4,2,16.875,16.875,16.5625,16.5625,-0.4092261905,2.65625,12.88690476,-0.4092261905,2.65625,12.88690476,-0.1,-0.135,
2009-09-23,ED5,3,16.875,16.875,17.17261905,17.17261905,-0.4092261905,2.65625,12.88690476,-0.4092261905,2.65625,12.88690476,-0.1,-0.135,
2009-09-23,ED6,4,16.875,16.875,16.96428571,16.96428571,-0.4092261905,2.65625,12.88690476,-0.4092261905,2.65625,12.88690476,-0.1,-0.135,
2009-09-23,ED7,5,15.625,15.625,15.9375,15.9375,-0.4092261905,2.65625,12.88690476,-0.4092261905,2.65625,12.88690476,-0.1,-0.125,
2009-09-23,ED8,6,14.375,14.375,14.0922619,14.0922619,-0.4092261905,2.65625,12.88690476,-0.4092261905,2.65625,12.88690476,-0.1,-0.115,
2009-11-04,FF2,-1,4.166666667,4.166666667,,,,,,,,,-0.015,-0.0075,
2009-11-04,ED2,0,12.5,12.5,14.68253968,14.2883938,-2.628968254,13.83928572,14.68253968,-2.826041195,15.02172336,14.2883938,-0.015,-0.015,2026-05-25T15:04:23+00:00
2009-11-04,ED3,1,29.16666667,29.16666667,25.89285714,26.48407597,-2.628968254,13.83928572,14.68253968,-2.826041195,15.02172336,14.2883938,-0.015,-0.035,2026-05-25T15:04:23+00:00
2009-11-04,ED4,2,33.33333333,33.33333333,31.8452381,33.02767574,-2.628968254,13.83928572,14.68253968,-2.826041195,15.02172336,14.2883938,-0.015,-0.04,2026-05-25T15:04:23+00:00
2009-11-04,ED5,3,29.16666667,33.30519842,32.53968254,33.91919313,-2.628968254,13.83928572,14.68253968,-2.826041195,15.02172336,14.2883938,-0.015,-0.035,2026-05-25T15:04:23+00:00
2009-11-04,ED6,4,29.16666667,29.16666667,27.97619048,29.15862812,-2.628968254,13.83928572,14.68253968,-2.826041195,15.02172336,14.2883938,-0.015,-0.035,2026-05-25T15:04:23+00:00
2009-11-04,ED7,5,16.66666667,16.66666667,18.15476191,18.74598073,-2.628968254,13.83928572,14.68253968,-2.826041195,15.02172336,14.2883938,-0.015,-0.02,2026-05-25T15:04:23+00:00
2009-11-04,ED8,6,4.166666667,4.166666667,3.075396827,2.681250946,-2.628968254,13.83928572,14.68253968,-2.826041195,15.02172336,14.2883938,-0.015,-0.005,2026-05-25T15:04:23+00:00
2010-01-27,FF2,-1,0,0,,,,,,,,,0.015,-0.005,
2010-01-27,ED2,0,12.5,12.5,12.6984127,12.6984127,-2.579365079,24.40476191,12.6984127,-2.579365079,24.40476191,12.6984127,0.015,0.015,
2010-01-27,ED3,1,33.33333333,33.33333333,34.52380952,34.52380952,-2.579365079,24.40476191,12.6984127,-2.579365079,24.40476191,12.6984127,0.015,0.04,
2010-01-27,ED4,2,54.16666667,54.16666667,51.19047619,51.19047619,-2.579365079,24.40476191,12.6984127,-2.579365079,24.40476191,12.6984127,0.015,0.065,
2010-01-27,ED5,3,62.5,62.5,62.6984127,62.6984127,-2.579365079,24.40476191,12.6984127,-2.579365079,24.40476191,12.6984127,0.015,0.075,
2010-01-27,ED6,4,66.66666667,66.66666667,69.04761905,69.04761905,-2.579365079,24.40476191,12.6984127,-2.579365079,24.40476191,12.6984127,0.015,0.08,
2010-01-27,ED7,5,70.83333333,70.83333333,70.23809524,70.23809524,-2.579365079,24.40476191,12.6984127,-2.579365079,24.40476191,12.6984127,0.015,0.085,
2010-01-27,ED8,6,66.66666667,66.66666667,66.26984127,66.26984127,-2.579365079,24.40476191,12.6984127,-2.579365079,24.40476191,12.6984127,0.015,0.08,
2010-03-16,FF2,-1,3.125,3.125,,,,,,,,,-0.04,-0.0075,
2010-03-16,ED2,0,12.5,12.5,12.94642857,12.94642857,-0.390625,2.957589286,12.94642857,-0.390625,2.957589286,12.94642857,-0.04,-0.04,
2010-03-16,ED3,1,15.625,15.625,15.51339286,15.51339286,-0.390625,2.957589286,12.94642857,-0.390625,2.957589286,12.94642857,-0.04,-0.05,
2010-03-16,ED4,2,18.75,18.75,17.29910714,17.29910714,-0.390625,2.957589286,12.94642857,-0.390625,2.957589286,12.94642857,-0.04,-0.06,
2010-03-16,ED5,3,17.1875,17.1875,18.30357143,18.30357143,-0.390625,2.957589286,12.94642857,-0.390625,2.957589286,12.94642857,-0.04,-0.055,
2010-03-16,ED6,4,18.75,18.75,18.52678571,18.52678571,-0.390625,2.957589286,12.94642857,-0.390625,2.957589286,12.94642857,-0.04,-0.06,
2010-03-16,ED7,5,17.1875,17.1875,17.96875,17.96875,-0.390625,2.957589286,12.94642857,-0.390625,2.957589286,12.94642857,-0.04,-0.055,
2010-03-16,ED8,6,17.1875,17.1875,16.62946429,16.62946429,-0.390625,2.957589286,12.94642857,-0.390625,2.957589286,12.94642857,-0.04,-0.055,
2010-08-10,FF2,-1,-1.5625,-1.5625,,,,,,,,,-0.02,0,
2010-08-10,ED2,0,12.5,12.5,13.54166667,13.54166667,-0.4836309524,6.808035714,13.54166667,-0.4836309524,6.808035714,13.54166667,-0.02,-0.02,
2010-08-10,ED3,1,21.875,21.875,19.86607143,19.86607143,-0.4836309524,6.808035714,13.54166667,-0.4836309524,6.808035714,13.54166667,-0.02,-0.035,
2010-08-10,ED4,2,25,25,25.22321429,25.22321429,-0.4836309524,6.808035714,13.54166667,-0.4836309524,6.808035714,13.54166667,-0.02,-0.04,
2010-08-10,ED5,3,28.125,28.125,29.61309524,29.61309524,-0.4836309524,6.808035714,13.54166667,-0.4836309524,6.808035714,13.54166667,-0.02,-0.045,
2010-08-10,ED6,4,34.375,34.375,33.03571429,33.03571429,-0.4836309524,6.808035714,13.54166667,-0.4836309524,6.808035714,13.54166667,-0.02,-0.055,
2010-08-10,ED7,5,34.375,34.375,35.49107143,35.49107143,-0.4836309524,6.808035714,13.54166667,-0.4836309524,6.808035714,13.54166667,-0.02,-0.055,
2010-08-10,ED8,6,37.5,37.5,36.97916667,36.97916667,-0.4836309524,6.808035714,13.54166667,-0.4836309524,6.808035714,13.54166667,-0.02,-0.06,
2011-04-27,FF2,-1,-0,-0,,,,,,,,,-0.02,-0.005,
2011-04-27,ED2,0,12.5,12.5,11.68154762,11.68154762,-0.5208333333,5.357142857,11.68154762,-0.5208333333,5.357142857,11.68154762,-0.02,-0.02,
2011-04-27,ED3,1,15.625,15.625,16.51785714,16.51785714,-0.5208333333,5.357142857,11.68154762,-0.5208333333,5.357142857,11.68154762,-0.02,-0.025,
2011-04-27,ED4,2,18.75,18.75,20.3125,20.3125,-0.5208333333,5.357142857,11.68154762,-0.5208333333,5.357142857,11.68154762,-0.02,-0.03,
2011-04-27,ED5,3,25,25,23.06547619,23.06547619,-0.5208333333,5.357142857,11.68154762,-0.5208333333,5.357142857,11.68154762,-0.02,-0.04,
2011-04-27,ED6,4,25,25,24.77678571,24.77678571,-0.5208333333,5.357142857,11.68154762,-0.5208333333,5.357142857,11.68154762,-0.02,-0.04,
2011-04-27,ED7,5,25,25,25.44642857,25.44642857,-0.5208333333,5.357142857,11.68154762,-0.5208333333,5.357142857,11.68154762,-0.02,-0.04,
2011-04-27,ED8,6,25,25,25.07440476,25.07440476,-0.5208333333,5.357142857,11.68154762,-0.5208333333,5.357142857,11.68154762,-0.02,-0.04,
2011-09-21,FF2,-1,2.34375,2.34375,,,,,,,,,0.08,0.015,
2011-09-21,ED2,0,12.5,12.5,14.02529762,14.02529762,-0.2139136905,0.7533482143,14.02529762,-0.2139136905,0.7533482143,14.02529762,0.08,0.08,
2011-09-21,ED3,1,17.1875,17.1875,14.56473214,14.56473214,-0.2139136905,0.7533482143,14.02529762,-0.2139136905,0.7533482143,14.02529762,0.08,0.11,
2011-09-21,ED4,2,14.84375,14.84375,14.67633929,14.67633929,-0.2139136905,0.7533482143,14.02529762,-0.2139136905,0.7533482143,14.02529762,0.08,0.095,
2011-09-21,ED5,3,13.28125,13.28125,14.36011905,14.36011905,-0.2139136905,0.7533482143,14.02529762,-0.2139136905,0.7533482143,14.02529762,0.08,0.085,
2011-09-21,ED6,4,12.5,12.5,13.61607143,13.61607143,-0.2139136905,0.7533482143,14.02529762,-0.2139136905,0.7533482143,14.02529762,0.08,0.08,
2011-09-21,ED7,5,13.28125,13.28125,12.44419643,12.44419643,-0.2139136905,0.7533482143,14.02529762,-0.2139136905,0.7533482143,14.02529762,0.08,0.085,
2011-09-21,ED8,6,10.9375,10.9375,10.84449405,10.84449405,-0.2139136905,0.7533482143,14.02529762,-0.2139136905,0.7533482143,14.02529762,0.08,0.07,
2011-11-02,FF2,-1,3.571428571,3.571428571,,,,,,,,,0.0175,0.005,
2011-11-02,ED2,0,12.5,12.5,12.24489796,12.24489796,0.3188775518,-1.466836738,12.24489796,0.3188775518,-1.466836738,12.24489796,0.0175,0.0175,
2011-11-02,ED3,1,10.71428571,10.71428571,11.09693877,11.09693877,0.3188775518,-1.466836738,12.24489796,0.3188775518,-1.466836738,12.24489796,0.0175,0.015,
2011-11-02,ED4,2,10.71428571,10.71428571,10.58673469,10.58673469,0.3188775518,-1.466836738,12.24489796,0.3188775518,-1.466836738,12.24489796,0.0175,0.015,
2011-11-02,ED5,3,10.71428571,10.71428571,10.71428571,10.71428571,0.3188775518,-1.466836738,12.24489796,0.3188775518,-1.466836738,12.24489796,0.0175,0.015,
2011-11-02,ED6,4,10.71428571,10.71428571,11.47959183,11.47959183,0.3188775518,-1.466836738,12.24489796,0.3188775518,-1.466836738,12.24489796,0.0175,0.015,
2011-11-02,ED7,5,14.28571429,14.28571429,12.88265306,12.88265306,0.3188775518,-1.466836738,12.24489796,0.3188775518,-1.466836738,12.24489796,0.0175,0.02,
2011-11-02,ED8,6,14.28571429,14.28571429,14.92346939,14.92346939,0.3188775518,-1.466836738,12.24489796,0.3188775518,-1.466836738,12.24489796,0.0175,0.02,
2012-01-25,FF2,-1,-0,-0,,,,,,,,,-0.015,-0.005,
2012-01-25,ED2,0,12.5,12.5,13.78968254,13.78968254,1.091269841,-3.57142857,13.78968254,1.091269841,-3.57142857,13.78968254,-0.015,-0.015,
2012-01-25,ED3,1,12.5,12.5,11.30952381,11.30952381,1.091269841,-3.57142857,13.78968254,1.091269841,-3.57142857,13.78968254,-0.015,-0.015,
2012-01-25,ED4,2,12.5,12.5,11.01190476,11.01190476,1.091269841,-3.57142857,13.78968254,1.091269841,-3.57142857,13.78968254,-0.015,-0.015,
2012-01-25,ED5,3,12.5,12.5,12.8968254,12.8968254,1.091269841,-3.57142857,13.78968254,1.091269841,-3.57142857,13.78968254,-0.015,-0.015,
2012-01-25,ED6,4,16.66666667,16.66666667,16.96428571,16.96428571,1.091269841,-3.57142857,13.78968254,1.091269841,-3.57142857,13.78968254,-0.015,-0.02,
2012-01-25,ED7,5,20.83333333,20.83333333,23.21428571,23.21428571,1.091269841,-3.57142857,13.78968254,1.091269841,-3.57142857,13.78968254,-0.015,-0.025,
2012-01-25,ED8,6,33.33333333,33.33333333,31.64682539,31.64682539,1.091269841,-3.57142857,13.78968254,1.091269841,-3.57142857,13.78968254,-0.015,-0.04,
2012-06-20,FF2,-1,4.166666667,4.166666667,,,,,,,,,0.015,0.01,
2012-06-20,ED2,0,12.5,12.5,13.69047619,12.47002415,0.4464285714,-4.910714286,13.69047619,0.4464285714,-4.666623877,12.47002415,0.015,0.015,2026-05-25T15:04:34+00:00
2012-06-20,ED3,1,12.5,9.082734283,9.226190476,8.249828843,0.4464285714,-4.910714286,13.69047619,0.4464285714,-4.666623877,12.47002415,0.015,0.015,2026-05-25T15:04:34+00:00
2012-06-20,ED4,2,4.166666667,4.166666667,5.654761905,4.92249068,0.4464285714,-4.910714286,13.69047619,0.4464285714,-4.666623877,12.47002415,0.015,0.005,2026-05-25T15:04:34+00:00
2012-06-20,ED5,3,0,0,2.976190476,2.48800966,0.4464285714,-4.910714286,13.69047619,0.4464285714,-4.666623877,12.47002415,0.015,0,2026-05-25T15:04:34+00:00
2012-06-20,ED6,4,4.166666667,4.166666667,1.190476191,0.9463857823,0.4464285714,-4.910714286,13.69047619,0.4464285714,-4.666623877,12.47002415,0.015,0.005,2026-05-25T15:04:34+00:00
2012-06-20,ED7,5,0,0,0.2976190477,0.2976190477,0.4464285714,-4.910714286,13.69047619,0.4464285714,-4.666623877,12.47002415,0.015,0,2026-05-25T15:04:34+00:00
2012-06-20,ED8,6,0,0,0.2976190476,0.541709456,0.4464285714,-4.910714286,13.69047619,0.4464285714,-4.666623877,12.47002415,0.015,0,2026-05-25T15:04:34+00:00
2013-09-18,FF2,-1,2.5,2.5,,,,,,,,,-0.025,0,
2013-09-18,ED2,0,12.5,12.5,9.226190476,9.226190476,2.291666667,2.232142857,9.226190476,2.291666667,2.232142857,9.226190476,-0.025,-0.025,
2013-09-18,ED3,1,10,10,13.75,13.75,2.291666667,2.232142857,9.226190476,2.291666667,2.232142857,9.226190476,-0.025,-0.02,
2013-09-18,ED4,2,20,20,22.85714286,22.85714286,2.291666667,2.232142857,9.226190476,2.291666667,2.232142857,9.226190476,-0.025,-0.04,
2013-09-18,ED5,3,37.5,37.5,36.54761905,36.54761905,2.291666667,2.232142857,9.226190476,2.291666667,2.232142857,9.226190476,-0.025,-0.075,
2013-09-18,ED6,4,57.5,57.5,54.82142857,54.82142857,2.291666667,2.232142857,9.226190476,2.291666667,2.232142857,9.226190476,-0.025,-0.115,
2013-09-18,ED7,5,80,80,77.67857143,77.67857143,2.291666667,2.232142857,9.226190476,2.291666667,2.232142857,9.226190476,-0.025,-0.16,
2013-09-18,ED8,6,102.5,102.5,105.1190476,105.1190476,2.291666667,2.232142857,9.226190476,2.291666667,2.232142857,9.226190476,-0.025,-0.205,
2014-09-17,FF2,-1,0,0,,,,,,,,,0.015,-0.005,
2014-09-17,ED2,0,12.5,12.5,12.5,12.5,-1.339285714,16.51785714,12.5,-1.339285714,16.51785714,12.5,0.015,0.015,
2014-09-17,ED3,1,29.16666667,29.16666667,27.67857143,27.67857143,-1.339285714,16.51785714,12.5,-1.339285714,16.51785714,12.5,0.015,0.035,
2014-09-17,ED4,2,37.5,37.5,40.17857143,40.17857143,-1.339285714,16.51785714,12.5,-1.339285714,16.51785714,12.5,0.015,0.045,
2014-09-17,ED5,3,50,50,50,50,-1.339285714,16.51785714,12.5,-1.339285714,16.51785714,12.5,0.015,0.06,
2014-09-17,ED6,4,58.33333333,58.33333333,57.14285714,57.14285714,-1.339285714,16.51785714,12.5,-1.339285714,16.51785714,12.5,0.015,0.07,
2014-09-17,ED7,5,62.5,62.5,61.60714286,61.60714286,-1.339285714,16.51785714,12.5,-1.339285714,16.51785714,12.5,0.015,0.075,
2014-09-17,ED8,6,62.5,62.5,63.39285714,63.39285714,-1.339285714,16.51785714,12.5,-1.339285714,16.51785714,12.5,0.015,0.075,
2014-10-29,FF2,-1,-0,-0,,,,,,,,,-0.015,0,
2014-10-29,ED2,0,12.5,0.284117562,6.746031745,-2.561307255,3.224206349,-31.10119048,6.746031745,2.49707049,-25.42953077,-2.561307255,-0.015,-0.015,2026-05-25T15:05:01+00:00
2014-10-29,ED3,1,-29.16666667,-29.16666667,-21.13095238,-25.49376754,3.224206349,-31.10119048,6.746031745,2.49707049,-25.42953077,-2.561307255,-0.015,0.035,2026-05-25T15:05:01+00:00
2014-10-29,ED4,2,-45.83333333,-45.83333333,-42.55952381,-43.43208684,3.224206349,-31.10119048,6.746031745,2.49707049,-25.42953077,-2.561307255,-0.015,0.055,2026-05-25T15:05:01+00:00
2014-10-29,ED5,3,-54.16666667,-54.16666667,-57.53968254,-56.37626517,3.224206349,-31.10119048,6.746031745,2.49707049,-25.42953077,-2.561307255,-0.015,0.065,2026-05-25T15:05:01+00:00
2014-10-29,ED6,4,-62.5,-62.5,-66.07142857,-64.32630251,3.224206349,-31.10119048,6.746031745,2.49707049,-25.42953077,-2.561307255,-0.015,0.075,2026-05-25T15:05:01+00:00
2014-10-29,ED7,5,-66.66666667,-66.66666667,-68.15476191,-67.28219888,3.224206349,-31.10119048,6.746031745,2.49707049,-25.42953077,-2.561307255,-0.015,0.08,2026-05-25T15:05:01+00:00
2014-10-29,ED8,6,-66.66666667,-66.66666667,-63.78968254,-65.24395426,3.224206349,-31.10119048,6.746031745,2.49707049,-25.42953077,-2.561307255,-0.015,0.08,2026-05-25T15:05:01+00:00
2015-03-18,FF2,-1,0.6944444444,0.6944444444,,,,,,,,,-0.09,-0.01,
2015-03-18,ED2,0,12.5,12.5,12.28505291,12.28505291,-0.5042989415,5.828373015,12.28505291,-0.5042989415,5.828373015,12.28505291,-0.09,-0.09,
2015-03-18,ED3,1,17.36111111,17.36111111,17.60912698,17.60912698,-0.5042989415,5.828373015,12.28505291,-0.5042989415,5.828373015,12.28505291,-0.09,-0.125,
2015-03-18,ED4,2,21.52777778,21.52777778,21.92460317,21.92460317,-0.5042989415,5.828373015,12.28505291,-0.5042989415,5.828373015,12.28505291,-0.09,-0.155,
2015-03-18,ED5,3,25.69444444,25.69444444,25.23148148,25.23148148,-0.5042989415,5.828373015,12.28505291,-0.5042989415,5.828373015,12.28505291,-0.09,-0.185,
2015-03-18,ED6,4,27.77777778,27.77777778,27.5297619,27.5297619,-0.5042989415,5.828373015,12.28505291,-0.5042989415,5.828373015,12.28505291,-0.09,-0.2,
2015-03-18,ED7,5,28.47222222,28.47222222,28.81944444,28.81944444,-0.5042989415,5.828373015,12.28505291,-0.5042989415,5.828373015,12.28505291,-0.09,-0.205,
2015-03-18,ED8,6,29.16666667,29.16666667,29.1005291,29.1005291,-0.5042989415,5.828373015,12.28505291,-0.5042989415,5.828373015,12.28505291,-0.09,-0.21,
2015-06-17,FF2,-1,1.923076923,1.923076923,,,,,,,,,-0.065,-0.005,
2015-06-17,ED2,0,12.5,12.5,12.70604396,12.70604396,-0.1373626371,2.541208791,12.70604396,-0.1373626371,2.541208791,12.70604396,-0.065,-0.065,
2015-06-17,ED3,1,15.38461538,15.38461538,15.10989011,15.10989011,-0.1373626371,2.541208791,12.70604396,-0.1373626371,2.541208791,12.70604396,-0.065,-0.08,
2015-06-17,ED4,2,17.30769231,17.30769231,17.23901099,17.23901099,-0.1373626371,2.541208791,12.70604396,-0.1373626371,2.541208791,12.70604396,-0.065,-0.09,
2015-06-17,ED5,3,19.23076923,19.23076923,19.09340659,19.09340659,-0.1373626371,2.541208791,12.70604396,-0.1373626371,2.541208791,12.70604396,-0.065,-0.1,
2015-06-17,ED6,4,20.19230769,20.19230769,20.67307692,20.67307692,-0.1373626371,2.541208791,12.70604396,-0.1373626371,2.541208791,12.70604396,-0.065,-0.105,
2015-06-17,ED7,5,22.11538462,22.11538462,21.97802198,21.97802198,-0.1373626371,2.541208791,12.70604396,-0.1373626371,2.541208791,12.70604396,-0.065,-0.115,
2015-06-17,ED8,6,23.07692308,23.07692308,23.00824176,23.00824176,-0.1373626371,2.541208791,12.70604396,-0.1373626371,2.541208791,12.70604396,-0.065,-0.12,
2015-09-17,FF2,-1,8.59375,8.59375,,,,,,,,,-0.08,-0.05,
2015-09-17,ED2,0,12.5,12.5,12.53720238,12.53720238,-0.1488095238,0.8928571429,12.53720238,-0.1488095238,0.8928571429,12.53720238,-0.08,-0.08,
2015-09-17,ED3,1,13.28125,13.28125,13.28125,13.28125,-0.1488095238,0.8928571429,12.53720238,-0.1488095238,0.8928571429,12.53720238,-0.08,-0.085,
2015-09-17,ED4,2,14.0625,14.0625,13.72767857,13.72767857,-0.1488095238,0.8928571429,12.53720238,-0.1488095238,0.8928571429,12.53720238,-0.08,-0.09,
2015-09-17,ED5,3,13.28125,13.28125,13.8764881,13.8764881,-0.1488095238,0.8928571429,12.53720238,-0.1488095238,0.8928571429,12.53720238,-0.08,-0.085,
2015-09-17,ED6,4,14.0625,14.0625,13.72767857,13.72767857,-0.1488095238,0.8928571429,12.53720238,-0.1488095238,0.8928571429,12.53720238,-0.08,-0.09,
2015-09-17,ED7,5,13.28125,13.28125,13.28125,13.28125,-0.1488095238,0.8928571429,12.53720238,-0.1488095238,0.8928571429,12.53720238,-0.08,-0.085,
2015-09-17,ED8,6,12.5,12.5,12.53720238,12.53720238,-0.1488095238,0.8928571429,12.53720238,-0.1488095238,0.8928571429,12.53720238,-0.08,-0.08,
2015-10-28,FF2,-1,0,0,,,,,,,,,0.03,-0.005,
2015-10-28,ED2,0,12.5,12.5,13.14484127,13.14484127,-0.64484127,5.654761906,13.14484127,-0.64484127,5.654761906,13.14484127,0.03,0.03,
2015-10-28,ED3,1,18.75,18.75,18.15476191,18.15476191,-0.64484127,5.654761906,13.14484127,-0.64484127,5.654761906,13.14484127,0.03,0.045,
2015-10-28,ED4,2,22.91666667,22.91666667,21.875,21.875,-0.64484127,5.654761906,13.14484127,-0.64484127,5.654761906,13.14484127,0.03,0.055,
2015-10-28,ED5,3,22.91666667,22.91666667,24.30555556,24.30555556,-0.64484127,5.654761906,13.14484127,-0.64484127,5.654761906,13.14484127,0.03,0.055,
2015-10-28,ED6,4,27.08333333,27.08333333,25.44642857,25.44642857,-0.64484127,5.654761906,13.14484127,-0.64484127,5.654761906,13.14484127,0.03,0.065,
2015-10-28,ED7,5,22.91666667,22.91666667,25.29761905,25.29761905,-0.64484127,5.654761906,13.14484127,-0.64484127,5.654761906,13.14484127,0.03,0.055,
2015-10-28,ED8,6,25,25,23.85912698,23.85912698,-0.64484127,5.654761906,13.14484127,-0.64484127,5.654761906,13.14484127,0.03,0.06,
2015-12-16,FF2,-1,8.75,8.75,,,,,,,,,0.025,0.02,
2015-12-16,ED2,0,12.5,12.5,12.61904762,12.61904762,-0.2083333333,2.053571429,12.61904762,-0.2083333333,2.053571429,12.61904762,0.025,0.025,
2015-12-16,ED3,1,15,15,14.46428571,14.46428571,-0.2083333333,2.053571429,12.61904762,-0.2083333333,2.053571429,12.61904762,0.025,0.03,
2015-12-16,ED4,2,15,15,15.89285714,15.89285714,-0.2083333333,2.053571429,12.61904762,-0.2083333333,2.053571429,12.61904762,0.025,0.03,
2015-12-16,ED5,3,17.5,17.5,16.9047619,16.9047619,-0.2083333333,2.053571429,12.61904762,-0.2083333333,2.053571429,12.61904762,0.025,0.035,
2015-12-16,ED6,4,17.5,17.5,17.5,17.5,-0.2083333333,2.053571429,12.61904762,-0.2083333333,2.053571429,12.61904762,0.025,0.035,
2015-12-16,ED7,5,17.5,17.5,17.67857143,17.67857143,-0.2083333333,2.053571429,12.61904762,-0.2083333333,2.053571429,12.61904762,0.025,0.035,
2015-12-16,ED8,6,17.5,17.5,17.44047619,17.44047619,-0.2083333333,2.053571429,12.61904762,-0.2083333333,2.053571429,12.61904762,0.025,0.035,
2016-01-27,FF2,-1,-0,-0,,,,,,,,,-0.025,-0.005,
2016-01-27,ED2,0,12.5,12.5,13.21428571,13.21428571,-0.3571428571,3.214285714,13.21428571,-0.3571428571,3.214285714,13.21428571,-0.025,-0.025,
2016-01-27,ED3,1,17.5,17.5,16.07142857,16.07142857,-0.3571428571,3.214285714,13.21428571,-0.3571428571,3.214285714,13.21428571,-0.025,-0.035,
2016-01-27,ED4,2,17.5,17.5,18.21428571,18.21428571,-0.3571428571,3.214285714,13.21428571,-0.3571428571,3.214285714,13.21428571,-0.025,-0.035,
2016-01-27,ED5,3,20,20,19.64285714,19.64285714,-0.3571428571,3.214285714,13.21428571,-0.3571428571,3.214285714,13.21428571,-0.025,-0.04,
2016-01-27,ED6,4,20,20,20.35714286,20.35714286,-0.3571428571,3.214285714,13.21428571,-0.3571428571,3.214285714,13.21428571,-0.025,-0.04,
2016-01-27,ED7,5,20,20,20.35714286,20.35714286,-0.3571428571,3.214285714,13.21428571,-0.3571428571,3.214285714,13.21428571,-0.025,-0.04,
2016-01-27,ED8,6,20,20,19.64285714,19.64285714,-0.3571428571,3.214285714,13.21428571,-0.3571428571,3.214285714,13.21428571,-0.025,-0.04,
2016-03-16,FF2,-1,2.272727273,2.272727273,,,,,,,,,-0.11,-0.025,
2016-03-16,ED2,0,12.5,12.5,12.70292208,12.70292208,-0.202922078,1.948051949,12.70292208,-0.202922078,1.948051949,12.70292208,-0.11,-0.11,
2016-03-16,ED3,1,14.77272727,14.77272727,14.44805195,14.44805195,-0.202922078,1.948051949,12.70292208,-0.202922078,1.948051949,12.70292208,-0.11,-0.13,
2016-03-16,ED4,2,15.90909091,15.90909091,15.78733766,15.78733766,-0.202922078,1.948051949,12.70292208,-0.202922078,1.948051949,12.70292208,-0.11,-0.14,
2016-03-16,ED5,3,16.47727273,16.47727273,16.72077922,16.72077922,-0.202922078,1.948051949,12.70292208,-0.202922078,1.948051949,12.70292208,-0.11,-0.145,
2016-03-16,ED6,4,17.04545455,17.04545455,17.24837662,17.24837662,-0.202922078,1.948051949,12.70292208,-0.202922078,1.948051949,12.70292208,-0.11,-0.15,
2016-03-16,ED7,5,17.61363636,17.61363636,17.37012987,17.37012987,-0.202922078,1.948051949,12.70292208,-0.202922078,1.948051949,12.70292208,-0.11,-0.155,
2016-03-16,ED8,6,17.04545455,17.04545455,17.08603896,17.08603896,-0.202922078,1.948051949,12.70292208,-0.202922078,1.948051949,12.70292208,-0.11,-0.15,
2016-06-15,FF2,-1,1.388888889,1.388888889,,,,,,,,,-0.045,-0.01,
2016-06-15,ED2,0,12.5,12.5,12.46693122,12.46693122,-0.1157407407,0.2480158727,12.46693122,-0.1157407407,0.2480158727,12.46693122,-0.045,-0.045,
2016-06-15,ED3,1,12.5,12.5,12.59920635,12.59920635,-0.1157407407,0.2480158727,12.46693122,-0.1157407407,0.2480158727,12.46693122,-0.045,-0.045,
2016-06-15,ED4,2,12.5,12.5,12.5,12.5,-0.1157407407,0.2480158727,12.46693122,-0.1157407407,0.2480158727,12.46693122,-0.045,-0.045,
2016-06-15,ED5,3,12.5,12.5,12.16931217,12.16931217,-0.1157407407,0.2480158727,12.46693122,-0.1157407407,0.2480158727,12.46693122,-0.045,-0.045,
2016-06-15,ED6,4,11.11111111,11.11111111,11.60714286,11.60714286,-0.1157407407,0.2480158727,12.46693122,-0.1157407407,0.2480158727,12.46693122,-0.045,-0.04,
2016-06-15,ED7,5,11.11111111,11.11111111,10.81349206,10.81349206,-0.1157407407,0.2480158727,12.46693122,-0.1157407407,0.2480158727,12.46693122,-0.045,-0.04,
2016-06-15,ED8,6,9.722222222,9.722222222,9.788359788,9.788359788,-0.1157407407,0.2480158727,12.46693122,-0.1157407407,0.2480158727,12.46693122,-0.045,-0.035,
2016-09-21,FF2,-1,20,20,,,,,,,,,-0.025,-0.045,
2016-09-21,ED2,0,12.5,12.5,12.61904762,12.61904762,-0.2976190476,2.678571429,12.61904762,-0.2976190476,2.678571429,12.61904762,-0.025,-0.025,
2016-09-21,ED3,1,15,15,15,15,-0.2976190476,2.678571429,12.61904762,-0.2976190476,2.678571429,12.61904762,-0.025,-0.03,
2016-09-21,ED4,2,17.5,17.5,16.78571429,16.78571429,-0.2976190476,2.678571429,12.61904762,-0.2976190476,2.678571429,12.61904762,-0.025,-0.035,
2016-09-21,ED5,3,17.5,17.5,17.97619048,17.97619048,-0.2976190476,2.678571429,12.61904762,-0.2976190476,2.678571429,12.61904762,-0.025,-0.035,
2016-09-21,ED6,4,17.5,17.5,18.57142857,18.57142857,-0.2976190476,2.678571429,12.61904762,-0.2976190476,2.678571429,12.61904762,-0.025,-0.035,
2016-09-21,ED7,5,20,20,18.57142857,18.57142857,-0.2976190476,2.678571429,12.61904762,-0.2976190476,2.678571429,12.61904762,-0.025,-0.04,
2016-09-21,ED8,6,17.5,17.5,17.97619048,17.97619048,-0.2976190476,2.678571429,12.61904762,-0.2976190476,2.678571429,12.61904762,-0.025,-0.035,
2016-12-14,FF2,-1,0,0,,,,,,,,,0.03,-0.005,
2016-12-14,ED2,0,12.5,12.5,12.74801587,12.74801587,-2.331349206,21.13095238,12.74801587,-2.331349206,21.13095238,12.74801587,0.03,0.03,
2016-12-14,ED3,1,29.16666667,29.16666667,31.54761905,31.54761905,-2.331349206,21.13095238,12.74801587,-2.331349206,21.13095238,12.74801587,0.03,0.07,
2016-12-14,ED4,2,50,50,45.68452381,45.68452381,-2.331349206,21.13095238,12.74801587,-2.331349206,21.13095238,12.74801587,0.03,0.12,
2016-12-14,ED5,3,56.25,56.25,55.15873016,55.15873016,-2.331349206,21.13095238,12.74801587,-2.331349206,21.13095238,12.74801587,0.03,0.135,
2016-12-14,ED6,4,58.33333333,58.33333333,59.97023809,59.97023809,-2.331349206,21.13095238,12.74801587,-2.331349206,21.13095238,12.74801587,0.03,0.14,
2016-12-14,ED7,5,56.25,56.25,60.11904762,60.11904762,-2.331349206,21.13095238,12.74801587,-2.331349206,21.13095238,12.74801587,0.03,0.135,
2016-12-14,ED8,6,58.33333333,58.33333333,55.60515873,55.60515873,-2.331349206,21.13095238,12.74801587,-2.331349206,21.13095238,12.74801587,0.03,0.14,
2017-02-01,FF2,-1,10.41666667,10.41666667,,,,,,,,,-0.015,-0.015,
2017-02-01,ED2,0,12.5,12.5,13.98809524,12.99921556,-0.5952380951,5.059523809,13.98809524,-0.6818499965,5.942907574,12.99921556,-0.015,-0.015,2026-05-25T15:05:24+00:00
2017-02-01,ED3,1,20.83333333,18.34210607,18.45238095,18.26027314,-0.5952380951,5.059523809,13.98809524,-0.6818499965,5.942907574,12.99921556,-0.015,-0.025,2026-05-25T15:05:24+00:00
2017-02-01,ED4,2,20.83333333,23.25846657,21.72619047,22.15763073,-0.5952380951,5.059523809,13.98809524,-0.6818499965,5.942907574,12.99921556,-0.015,-0.025,2026-05-25T15:05:24+00:00
2017-02-01,ED5,3,25,25,23.80952381,24.69128832,-0.5952380951,5.059523809,13.98809524,-0.6818499965,5.942907574,12.99921556,-0.015,-0.03,2026-05-25T15:05:24+00:00
2017-02-01,ED6,4,25,25,24.70238095,25.86124592,-0.5952380951,5.059523809,13.98809524,-0.6818499965,5.942907574,12.99921556,-0.015,-0.03,2026-05-25T15:05:24+00:00
2017-02-01,ED7,5,20.83333333,24.64664568,24.4047619,25.66750352,-0.5952380951,5.059523809,13.98809524,-0.6818499965,5.942907574,12.99921556,-0.015,-0.025,2026-05-25T15:05:24+00:00
2017-02-01,ED8,6,25,25,22.91666667,24.11006113,-0.5952380951,5.059523809,13.98809524,-0.6818499965,5.942907574,12.99921556,-0.015,-0.03,2026-05-25T15:05:24+00:00
2017-03-15,FF2,-1,-1.136363636,-1.136363636,,,,,,,,,-0.055,0.005,
2017-03-15,ED2,0,12.5,12.5,12.59469697,12.59469697,-0.1149891773,3.307629869,12.59469697,-0.1149891773,3.307629869,12.59469697,-0.055,-0.055,
2017-03-15,ED3,1,15.90909091,15.90909091,15.78733766,15.78733766,-0.1149891773,3.307629869,12.59469697,-0.1149891773,3.307629869,12.59469697,-0.055,-0.07,
2017-03-15,ED4,2,18.75,18.75,18.75,18.75,-0.1149891773,3.307629869,12.59469697,-0.1149891773,3.307629869,12.59469697,-0.055,-0.0825,
2017-03-15,ED5,3,21.59090909,21.59090909,21.48268398,21.48268398,-0.1149891773,3.307629869,12.59469697,-0.1149891773,3.307629869,12.59469697,-0.055,-0.095,
2017-03-15,ED6,4,23.86363636,23.86363636,23.98538961,23.98538961,-0.1149891773,3.307629869,12.59469697,-0.1149891773,3.307629869,12.59469697,-0.055,-0.105,
2017-03-15,ED7,5,26.13636364,26.13636364,26.25811688,26.25811688,-0.1149891773,3.307629869,12.59469697,-0.1149891773,3.307629869,12.59469697,-0.055,-0.115,
2017-03-15,ED8,6,28.40909091,28.40909091,28.3008658,28.3008658,-0.1149891773,3.307629869,12.59469697,-0.1149891773,3.307629869,12.59469697,-0.055,-0.125,
2017-05-03,FF2,-1,8.333333333,8.333333333,,,,,,,,,0.015,0.005,
2017-05-03,ED2,0,12.5,12.5,11.30952381,11.80469205,-2.380915465e-10,1.785714286,11.30952381,-0.02066924381,1.709950416,11.80469205,0.015,0.015,2026-05-25T15:05:39+00:00
2017-05-03,ED3,1,12.5,12.5,13.0952381,13.49397322,-2.380915465e-10,1.785714286,11.30952381,-0.02066924381,1.709950416,11.80469205,0.015,0.015,2026-05-25T15:05:39+00:00
2017-05-03,ED4,2,12.5,15.00177647,14.88095238,15.14191591,-2.380915465e-10,1.785714286,11.30952381,-0.02066924381,1.709950416,11.80469205,0.015,0.015,2026-05-25T15:05:39+00:00
2017-05-03,ED5,3,16.66666667,16.66666667,16.66666667,16.7485201,-2.380915465e-10,1.785714286,11.30952381,-0.02066924381,1.709950416,11.80469205,0.015,0.02,2026-05-25T15:05:39+00:00
2017-05-03,ED6,4,20.83333333,18.91029568,18.45238095,18.31378581,-2.380915465e-10,1.785714286,11.30952381,-0.02066924381,1.709950416,11.80469205,0.015,0.025,2026-05-25T15:05:39+00:00
2017-05-03,ED7,5,20.83333333,20.24882975,20.23809524,19.83771304,-2.380915465e-10,1.785714286,11.30952381,-0.02066924381,1.709950416,11.80469205,0.015,0.025,2026-05-25T15:05:39+00:00
2017-05-03,ED8,6,20.83333333,20.83333333,22.02380952,21.32030177,-2.380915465e-10,1.785714286,11.30952381,-0.02066924381,1.709950416,11.80469205,0.015,0.025,2026-05-25T15:05:39+00:00
2017-06-14,FF2,-1,12.5,12.5,,,,,,,,,0.015,0.02,
2017-06-14,ED2,0,12.5,12.5,15.27777778,15.27777778,-0.9920634923,10.71428572,15.27777778,-0.9920634923,10.71428572,15.27777778,0.015,0.015,
2017-06-14,ED3,1,29.16666667,29.16666667,25,25,-0.9920634923,10.71428572,15.27777778,-0.9920634923,10.71428572,15.27777778,0.015,0.035,
2017-06-14,ED4,2,33.33333333,33.33333333,32.73809524,32.73809524,-0.9920634923,10.71428572,15.27777778,-0.9920634923,10.71428572,15.27777778,0.015,0.04,
2017-06-14,ED5,3,37.5,37.5,38.49206349,38.49206349,-0.9920634923,10.71428572,15.27777778,-0.9920634923,10.71428572,15.27777778,0.015,0.045,
2017-06-14,ED6,4,41.66666667,41.66666667,42.26190476,42.26190476,-0.9920634923,10.71428572,15.27777778,-0.9920634923,10.71428572,15.27777778,0.015,0.05,
2017-06-14,ED7,5,41.66666667,41.66666667,44.04761905,44.04761905,-0.9920634923,10.71428572,15.27777778,-0.9920634923,10.71428572,15.27777778,0.015,0.05,
2017-06-14,ED8,6,45.83333333,45.83333333,43.84920635,43.84920635,-0.9920634923,10.71428572,15.27777778,-0.9920634923,10.71428572,15.27777778,0.015,0.055,
2017-07-26,FF2,-1,-0,-0,,,,,,,,,-0.015,-0.005,
2017-07-26,ED2,0,12.5,12.5,12.15277778,12.15277778,-0.09920634929,1.636904763,12.15277778,-0.09920634929,1.636904763,12.15277778,-0.015,-0.015,
2017-07-26,ED3,1,14.58333333,14.58333333,13.69047619,13.69047619,-0.09920634929,1.636904763,12.15277778,-0.09920634929,1.636904763,12.15277778,-0.015,-0.0175,
2017-07-26,ED4,2,12.5,12.5,15.0297619,15.0297619,-0.09920634929,1.636904763,12.15277778,-0.09920634929,1.636904763,12.15277778,-0.015,-0.015,
2017-07-26,ED5,3,16.66666667,16.66666667,16.17063492,16.17063492,-0.09920634929,1.636904763,12.15277778,-0.09920634929,1.636904763,12.15277778,-0.015,-0.02,
2017-07-26,ED6,4,16.66666667,16.66666667,17.11309524,17.11309524,-0.09920634929,1.636904763,12.15277778,-0.09920634929,1.636904763,12.15277778,-0.015,-0.02,
2017-07-26,ED7,5,20.83333333,20.83333333,17.85714286,17.85714286,-0.09920634929,1.636904763,12.15277778,-0.09920634929,1.636904763,12.15277778,-0.015,-0.025,
2017-07-26,ED8,6,16.66666667,16.66666667,18.40277778,18.40277778,-0.09920634929,1.636904763,12.15277778,-0.09920634929,1.636904763,12.15277778,-0.015,-0.02,
2017-09-20,FF2,-1,0,0,,,,,,,,,0.05,-0.005,
2017-09-20,ED2,0,12.5,12.5,12.5297619,12.5297619,-0.3869047619,3.75,12.5297619,-0.3869047619,3.75,12.5297619,0.05,0.05,
2017-09-20,ED3,1,16.25,16.25,15.89285714,15.89285714,-0.3869047619,3.75,12.5297619,-0.3869047619,3.75,12.5297619,0.05,0.065,
2017-09-20,ED4,2,17.5,17.5,18.48214286,18.48214286,-0.3869047619,3.75,12.5297619,-0.3869047619,3.75,12.5297619,0.05,0.07,
2017-09-20,ED5,3,21.25,21.25,20.29761905,20.29761905,-0.3869047619,3.75,12.5297619,-0.3869047619,3.75,12.5297619,0.05,0.085,
2017-09-20,ED6,4,21.25,21.25,21.33928571,21.33928571,-0.3869047619,3.75,12.5297619,-0.3869047619,3.75,12.5297619,0.05,0.085,
2017-09-20,ED7,5,21.25,21.25,21.60714286,21.60714286,-0.3869047619,3.75,12.5297619,-0.3869047619,3.75,12.5297619,0.05,0.085,
2017-09-20,ED8,6,21.25,21.25,21.10119048,21.10119048,-0.3869047619,3.75,12.5297619,-0.3869047619,3.75,12.5297619,0.05,0.085,
2017-12-13,FF2,-1,-4.166666667,-4.166666667,,,,,,,,,-0.015,0,
2017-12-13,ED2,0,12.5,12.5,12.40079365,12.40079365,-0.3472222219,4.910714284,12.40079365,-0.3472222219,4.910714284,12.40079365,-0.015,-0.015,
2017-12-13,ED3,1,16.66666667,16.66666667,16.96428571,16.96428571,-0.3472222219,4.910714284,12.40079365,-0.3472222219,4.910714284,12.40079365,-0.015,-0.02,
2017-12-13,ED4,2,20.83333333,20.83333333,20.83333333,20.83333333,-0.3472222219,4.910714284,12.40079365,-0.3472222219,4.910714284,12.40079365,-0.015,-0.025,
2017-12-13,ED5,3,25,25,24.00793651,24.00793651,-0.3472222219,4.910714284,12.40079365,-0.3472222219,4.910714284,12.40079365,-0.015,-0.03,
2017-12-13,ED6,4,25,25,26.48809524,26.48809524,-0.3472222219,4.910714284,12.40079365,-0.3472222219,4.910714284,12.40079365,-0.015,-0.03,
2017-12-13,ED7,5,29.16666667,29.16666667,28.27380953,28.27380953,-0.3472222219,4.910714284,12.40079365,-0.3472222219,4.910714284,12.40079365,-0.015,-0.035,
2017-12-13,ED8,6,29.16666667,29.16666667,29.36507937,29.36507937,-0.3472222219,4.910714284,12.40079365,-0.3472222219,4.910714284,12.40079365,-0.015,-0.035,
2018-03-21,FF2,-1,2.5,2.5,,,,,,,,,-0.025,0,
2018-03-21,ED2,0,12.5,12.5,11.42857143,11.42857143,-0.3571428571,1.428571429,11.42857143,-0.3571428571,1.428571429,11.42857143,-0.025,-0.025,
2018-03-21,ED3,1,12.5,12.5,12.5,12.5,-0.3571428571,1.428571429,11.42857143,-0.3571428571,1.428571429,11.42857143,-0.025,-0.025,
2018-03-21,ED4,2,10,10,12.85714286,12.85714286,-0.3571428571,1.428571429,11.42857143,-0.3571428571,1.428571429,11.42857143,-0.025,-0.02,
2018-03-21,ED5,3,12.5,12.5,12.5,12.5,-0.3571428571,1.428571429,11.42857143,-0.3571428571,1.428571429,11.42857143,-0.025,-0.025,
2018-03-21,ED6,4,12.5,12.5,11.42857143,11.42857143,-0.3571428571,1.428571429,11.42857143,-0.3571428571,1.428571429,11.42857143,-0.025,-0.025,
2018-03-21,ED7,5,12.5,12.5,9.642857143,9.642857143,-0.3571428571,1.428571429,11.42857143,-0.3571428571,1.428571429,11.42857143,-0.025,-0.025,
2018-03-21,ED8,6,5,5,7.142857143,7.142857143,-0.3571428571,1.428571429,11.42857143,-0.3571428571,1.428571429,11.42857143,-0.025,-0.01,
2018-12-19,FF2,-1,16.66666667,16.66666667,,,,,,,,,0.0225,0.025,
2018-12-19,ED2,0,12.5,12.5,14.21957672,14.21957672,0.710978836,-15.8234127,14.21957672,0.710978836,-15.8234127,14.21957672,0.0225,0.0225,
2018-12-19,ED3,1,0,0,-0.8928571429,-0.8928571429,0.710978836,-15.8234127,14.21957672,0.710978836,-15.8234127,14.21957672,0.0225,0,
2018-12-19,ED4,2,-11.11111111,-11.11111111,-14.58333333,-14.58333333,0.710978836,-15.8234127,14.21957672,0.710978836,-15.8234127,14.21957672,0.0225,-0.02,
2018-12-19,ED5,3,-27.77777778,-27.77777778,-26.85185185,-26.85185185,0.710978836,-15.8234127,14.21957672,0.710978836,-15.8234127,14.21957672,0.0225,-0.05,
2018-12-19,ED6,4,-38.88888889,-38.88888889,-37.6984127,-37.6984127,0.710978836,-15.8234127,14.21957672,0.710978836,-15.8234127,14.21957672,0.0225,-0.07,
2018-12-19,ED7,5,-50,-50,-47.12301587,-47.12301587,0.710978836,-15.8234127,14.21957672,0.710978836,-15.8234127,14.21957672,0.0225,-0.09,
2018-12-19,ED8,6,-52.77777778,-52.77777778,-55.12566138,-55.12566138,0.710978836,-15.8234127,14.21957672,0.710978836,-15.8234127,14.21957672,0.0225,-0.095,
2019-01-30,FF2,-1,-0,-0,,,,,,,,,-0.035,0,
2019-01-30,ED2,0,12.5,12.5,12.32993197,12.32993197,-0.5314625854,6.441326533,12.32993197,-0.5314625854,6.441326533,12.32993197,-0.035,-0.035,
2019-01-30,ED3,1,17.85714286,17.85714286,18.23979592,18.23979592,-0.5314625854,6.441326533,12.32993197,-0.5314625854,6.441326533,12.32993197,-0.035,-0.05,
2019-01-30,ED4,2,23.21428571,23.21428571,23.0867347,23.0867347,-0.5314625854,6.441326533,12.32993197,-0.5314625854,6.441326533,12.32993197,-0.035,-0.065,
2019-01-30,ED5,3,26.78571429,26.78571429,26.8707483,26.8707483,-0.5314625854,6.441326533,12.32993197,-0.5314625854,6.441326533,12.32993197,-0.035,-0.075,
2019-01-30,ED6,4,30.35714286,30.35714286,29.59183674,29.59183674,-0.5314625854,6.441326533,12.32993197,-0.5314625854,6.441326533,12.32993197,-0.035,-0.085,
2019-01-30,ED7,5,30.35714286,30.35714286,31.25,31.25,-0.5314625854,6.441326533,12.32993197,-0.5314625854,6.441326533,12.32993197,-0.035,-0.085,
2019-01-30,ED8,6,32.14285714,32.14285714,31.84523809,31.84523809,-0.5314625854,6.441326533,12.32993197,-0.5314625854,6.441326533,12.32993197,-0.035,-0.09,
2019-03-20,FF2,-1,-0,-0,,,,,,,,,-0.015,0.005,
2019-03-20,ED2,0,12.5,12.5,11.60714286,11.60714286,-2.827380952,25.44642857,11.60714286,-2.827380952,25.44642857,11.60714286,-0.015,-0.015,
2019-03-20,ED3,1,33.33333333,33.33333333,34.22619048,34.22619048,-2.827380952,25.44642857,11.60714286,-2.827380952,25.44642857,11.60714286,-0.015,-0.04,
2019-03-20,ED4,2,50,50,51.19047619,51.19047619,-2.827380952,25.44642857,11.60714286,-2.827380952,25.44642857,11.60714286,-0.015,-0.06,
2019-03-20,ED5,3,62.5,62.5,62.5,62.5,-2.827380952,25.44642857,11.60714286,-2.827380952,25.44642857,11.60714286,-0.015,-0.075,
2019-03-20,ED6,4,70.83333333,70.83333333,68.1547619,68.1547619,-2.827380952,25.44642857,11.60714286,-2.827380952,25.44642857,11.60714286,-0.015,-0.085,
2019-03-20,ED7,5,66.66666667,66.66666667,68.15476191,68.15476191,-2.827380952,25.44642857,11.60714286,-2.827380952,25.44642857,11.60714286,-0.015,-0.08,
2019-03-20,ED8,6,62.5,62.5,62.5,62.5,-2.827380952,25.44642857,11.60714286,-2.827380952,25.44642857,11.60714286,-0.015,-0.075,
2019-05-01,FF2,-1,-6.25,-6.25,,,,,,,,,0.04,-0.01,
2019-05-01,ED2,0,12.5,12.5,12.83482143,12.83482143,-0.4464285714,4.129464286,12.83482143,-0.4464285714,4.129464286,12.83482143,0.04,0.04,
2019-05-01,ED3,1,17.1875,17.1875,16.51785714,16.51785714,-0.4464285714,4.129464286,12.83482143,-0.4464285714,4.129464286,12.83482143,0.04,0.055,
2019-05-01,ED4,2,18.75,18.75,19.30803571,19.30803571,-0.4464285714,4.129464286,12.83482143,-0.4464285714,4.129464286,12.83482143,0.04,0.06,
2019-05-01,ED5,3,21.875,21.875,21.20535714,21.20535714,-0.4464285714,4.129464286,12.83482143,-0.4464285714,4.129464286,12.83482143,0.04,0.07,
2019-05-01,ED6,4,21.875,21.875,22.20982143,22.20982143,-0.4464285714,4.129464286,12.83482143,-0.4464285714,4.129464286,12.83482143,0.04,0.07,
2019-05-01,ED7,5,21.875,21.875,22.32142857,22.32142857,-0.4464285714,4.129464286,12.83482143,-0.4464285714,4.129464286,12.83482143,0.04,0.07,
2019-05-01,ED8,6,21.875,21.875,21.54017857,21.54017857,-0.4464285714,4.129464286,12.83482143,-0.4464285714,4.129464286,12.83482143,0.04,0.07,
2019-06-19,FF2,-1,-4.166666667,-4.166666667,,,,,,,,,-0.15,0.05,
2019-06-19,ED2,0,12.5,12.5,13.18452381,13.18452381,-0.2678571432,1.130952383,13.18452381,-0.2678571432,1.130952383,13.18452381,-0.15,-0.15,
2019-06-19,ED3,1,15,15,14.04761905,14.04761905,-0.2678571432,1.130952383,13.18452381,-0.2678571432,1.130952383,13.18452381,-0.15,-0.18,
2019-06-19,ED4,2,14.58333333,14.58333333,14.375,14.375,-0.2678571432,1.130952383,13.18452381,-0.2678571432,1.130952383,13.18452381,-0.15,-0.175,
2019-06-19,ED5,3,14.16666667,14.16666667,14.16666667,14.16666667,-0.2678571432,1.130952383,13.18452381,-0.2678571432,1.130952383,13.18452381,-0.15,-0.17,
2019-06-19,ED6,4,12.91666667,12.91666667,13.42261905,13.42261905,-0.2678571432,1.130952383,13.18452381,-0.2678571432,1.130952383,13.18452381,-0.15,-0.155,
2019-06-19,ED7,5,11.66666667,11.66666667,12.14285714,12.14285714,-0.2678571432,1.130952383,13.18452381,-0.2678571432,1.130952383,13.18452381,-0.15,-0.14,
2019-06-19,ED8,6,10.83333333,10.83333333,10.32738095,10.32738095,-0.2678571432,1.130952383,13.18452381,-0.2678571432,1.130952383,13.18452381,-0.15,-0.13,
2019-07-31,FF2,-1,5.882352941,5.882352941,,,,,,,,,0.085,0.04,
2019-07-31,ED2,0,12.5,12.5,12.35994398,12.35994398,-0.2801120448,0.630252101,12.35994398,-0.2801120448,0.630252101,12.35994398,0.085,0.085,
2019-07-31,ED3,1,12.5,12.5,12.71008403,12.71008403,-0.2801120448,0.630252101,12.35994398,-0.2801120448,0.630252101,12.35994398,0.085,0.085,
2019-07-31,ED4,2,12.5,12.5,12.5,12.5,-0.2801120448,0.630252101,12.35994398,-0.2801120448,0.630252101,12.35994398,0.085,0.085,
2019-07-31,ED5,3,11.76470588,11.76470588,11.72969188,11.72969188,-0.2801120448,0.630252101,12.35994398,-0.2801120448,0.630252101,12.35994398,0.085,0.08,
2019-07-31,ED6,4,10.29411765,10.29411765,10.39915966,10.39915966,-0.2801120448,0.630252101,12.35994398,-0.2801120448,0.630252101,12.35994398,0.085,0.07,
2019-07-31,ED7,5,8.823529412,8.823529412,8.508403362,8.508403362,-0.2801120448,0.630252101,12.35994398,-0.2801120448,0.630252101,12.35994398,0.085,0.06,
2019-07-31,ED8,6,5.882352941,5.882352941,6.05742297,6.05742297,-0.2801120448,0.630252101,12.35994398,-0.2801120448,0.630252101,12.35994398,0.085,0.04,
2019-09-18,FF2,-1,3.365384615,3.365384615,,,,,,,,,0.065,0.03,
2019-09-18,ED2,0,12.5,12.5,13.02655678,13.02655678,-0.2174908421,0.9958791193,13.02655678,-0.2174908421,0.9958791193,13.02655678,0.065,0.065,
2019-09-18,ED3,1,14.42307692,14.42307692,13.80494505,13.80494505,-0.2174908421,0.9958791193,13.02655678,-0.2174908421,0.9958791193,13.02655678,0.065,0.075,
2019-09-18,ED4,2,14.42307692,14.42307692,14.14835165,14.14835165,-0.2174908421,0.9958791193,13.02655678,-0.2174908421,0.9958791193,13.02655678,0.065,0.075,
2019-09-18,ED5,3,14.42307692,14.42307692,14.05677655,14.05677655,-0.2174908421,0.9958791193,13.02655678,-0.2174908421,0.9958791193,13.02655678,0.065,0.075,
2019-09-18,ED6,4,12.5,12.5,13.53021978,13.53021978,-0.2174908421,0.9958791193,13.02655678,-0.2174908421,0.9958791193,13.02655678,0.065,0.065,
2019-09-18,ED7,5,12.5,12.5,12.56868132,12.56868132,-0.2174908421,0.9958791193,13.02655678,-0.2174908421,0.9958791193,13.02655678,0.065,0.065,
2019-09-18,ED8,6,11.53846154,11.53846154,11.17216117,11.17216117,-0.2174908421,0.9958791193,13.02655678,-0.2174908421,0.9958791193,13.02655678,0.065,0.06,
2020-03-03,FF2,-1,17.5,17.5,,,,,,,,,-0.125,-0.235,
2020-03-03,ED2,0,12.5,12.5,12.89285714,12.89285714,0.03571428571,-1.071428571,12.89285714,0.03571428571,-1.071428571,12.89285714,-0.125,-0.125,
2020-03-03,ED3,1,12,12,11.85714286,11.85714286,0.03571428571,-1.071428571,12.89285714,0.03571428571,-1.071428571,12.89285714,-0.125,-0.12,
2020-03-03,ED4,2,12,12,10.89285714,10.89285714,0.03571428571,-1.071428571,12.89285714,0.03571428571,-1.071428571,12.89285714,-0.125,-0.12,
2020-03-03,ED5,3,9.5,9.5,10,10,0.03571428571,-1.071428571,12.89285714,0.03571428571,-1.071428571,12.89285714,-0.125,-0.095,
2020-03-03,ED6,4,8.5,8.5,9.178571429,9.178571429,0.03571428571,-1.071428571,12.89285714,0.03571428571,-1.071428571,12.89285714,-0.125,-0.085,
2020-03-03,ED7,5,8.5,8.5,8.428571429,8.428571429,0.03571428571,-1.071428571,12.89285714,0.03571428571,-1.071428571,12.89285714,-0.125,-0.085,
2020-03-03,ED8,6,8,8,7.75,7.75,0.03571428571,-1.071428571,12.89285714,0.03571428571,-1.071428571,12.89285714,-0.125,-0.08,
2020-03-15,FF2,-1,,,,,,,,,,,-0.08,-0.065,
2020-03-15,ED2,0,12.5,12.5,13.05803571,13.05803571,-2.664535259e-15,1.897321429,13.05803571,-2.664535259e-15,1.897321429,13.05803571,-0.08,-0.08,
2020-03-15,ED3,1,15.625,15.625,14.95535714,14.95535714,-2.664535259e-15,1.897321429,13.05803571,-2.664535259e-15,1.897321429,13.05803571,-0.08,-0.1,
2020-03-15,ED4,2,17.1875,17.1875,16.85267857,16.85267857,-2.664535259e-15,1.897321429,13.05803571,-2.664535259e-15,1.897321429,13.05803571,-0.08,-0.11,
2020-03-15,ED5,3,18.75,18.75,18.75,18.75,-2.664535259e-15,1.897321429,13.05803571,-2.664535259e-15,1.897321429,13.05803571,-0.08,-0.12,
2020-03-15,ED6,4,20.3125,20.3125,20.64732143,20.64732143,-2.664535259e-15,1.897321429,13.05803571,-2.664535259e-15,1.897321429,13.05803571,-0.08,-0.13,
2020-03-15,ED7,5,21.875,21.875,22.54464286,22.54464286,-2.664535259e-15,1.897321429,13.05803571,-2.664535259e-15,1.897321429,13.05803571,-0.08,-0.14,
2020-03-15,ED8,6,25,25,24.44196429,24.44196429,-2.664535259e-15,1.897321429,13.05803571,-2.664535259e-15,1.897321429,13.05803571,-0.08,-0.16,
2020-07-29,FF2,-1,-4.166666667,-4.166666667,,,,,,,,,-0.015,0.005,
2020-07-29,ED2,0,12.5,12.5,10.51587302,11.12238614,0.496031746,-3.869047619,10.51587302,0.2828917378,-2.8901407,11.12238614,-0.015,-0.015,2026-05-25T15:07:23+00:00
2020-07-29,ED3,1,4.166666667,7.835949309,7.142857143,8.515137176,0.496031746,-3.869047619,10.51587302,0.2828917378,-2.8901407,11.12238614,-0.015,-0.005,2026-05-25T15:07:23+00:00
2020-07-29,ED4,2,4.166666667,4.166666667,4.761904762,6.473671689,0.496031746,-3.869047619,10.51587302,0.2828917378,-2.8901407,11.12238614,-0.015,-0.005,2026-05-25T15:07:23+00:00
2020-07-29,ED5,3,4.166666667,4.166666667,3.373015873,4.997989678,0.496031746,-3.869047619,10.51587302,0.2828917378,-2.8901407,11.12238614,-0.015,-0.005,2026-05-25T15:07:23+00:00
2020-07-29,ED6,4,4.166666667,6.551761047,2.976190477,4.088091142,0.496031746,-3.869047619,10.51587302,0.2828917378,-2.8901407,11.12238614,-0.015,-0.005,2026-05-25T15:07:23+00:00
2020-07-29,ED7,5,4.166666667,5.668881557,3.571428572,3.743976082,0.496031746,-3.869047619,10.51587302,0.2828917378,-2.8901407,11.12238614,-0.015,-0.005,2026-05-25T15:07:23+00:00
2020-07-29,ED8,6,4.166666667,2.016971157,5.158730159,3.965644498,0.496031746,-3.869047619,10.51587302,0.2828917378,-2.8901407,11.12238614,-0.015,-0.005,2026-05-25T15:07:23+00:00
2021-06-16,FF2,-1,20.83333333,20.83333333,,,,,,,,,0.015,0.02,
2021-06-16,ED2,0,12.5,12.5,8.928571429,8.928571429,1.190476191,6.547619047,8.928571429,1.190476191,6.547619047,8.928571429,0.015,0.015,
2021-06-16,ED3,1,12.5,12.5,16.66666667,16.66666667,1.190476191,6.547619047,8.928571429,1.190476191,6.547619047,8.928571429,0.015,0.015,
2021-06-16,ED4,2,25,25,26.78571428,26.78571428,1.190476191,6.547619047,8.928571429,1.190476191,6.547619047,8.928571429,0.015,0.03,
2021-06-16,ED5,3,37.5,37.5,39.28571428,39.28571428,1.190476191,6.547619047,8.928571429,1.190476191,6.547619047,8.928571429,0.015,0.045,
2021-06-16,ED6,4,58.33333333,58.33333333,54.16666667,54.16666667,1.190476191,6.547619047,8.928571429,1.190476191,6.547619047,8.928571429,0.015,0.07,
2021-06-16,ED7,5,75,75,71.42857143,71.42857143,1.190476191,6.547619047,8.928571429,1.190476191,6.547619047,8.928571429,0.015,0.09,
2021-06-16,ED8,6,87.5,87.5,91.07142857,91.07142857,1.190476191,6.547619047,8.928571429,1.190476191,6.547619047,8.928571429,0.015,0.105,
2021-12-15,FF2,-1,0,0,,,,,,,,,0.04,-0.005,
2021-12-15,ED2,0,12.5,12.5,12.01636905,12.01636905,-0.2418154762,-0.5022321429,12.01636905,-0.2418154762,-0.5022321429,12.01636905,0.04,0.04,
2021-12-15,ED3,1,10.9375,10.9375,11.27232143,11.27232143,-0.2418154762,-0.5022321429,12.01636905,-0.2418154762,-0.5022321429,12.01636905,0.04,0.035,
2021-12-15,ED4,2,9.375,9.375,10.04464286,10.04464286,-0.2418154762,-0.5022321429,12.01636905,-0.2418154762,-0.5022321429,12.01636905,0.04,0.03,
2021-12-15,ED5,3,7.8125,7.8125,8.333333333,8.333333333,-0.2418154762,-0.5022321429,12.01636905,-0.2418154762,-0.5022321429,12.01636905,0.04,0.025,
2021-12-15,ED6,4,7.8125,7.8125,6.138392857,6.138392857,-0.2418154762,-0.5022321429,12.01636905,-0.2418154762,-0.5022321429,12.01636905,0.04,0.025,
2021-12-15,ED7,5,3.125,3.125,3.459821429,3.459821429,-0.2418154762,-0.5022321429,12.01636905,-0.2418154762,-0.5022321429,12.01636905,0.04,0.01,
2021-12-15,ED8,6,0,0,0.2976190476,0.2976190476,-0.2418154762,-0.5022321429,12.01636905,-0.2418154762,-0.5022321429,12.01636905,0.04,0,
2022-01-26,FF2,-1,-1.136363636,-1.136363636,,,,,,,,,0.11,-0.005,
2022-01-26,ED2,0,12.5,12.5,12.84496753,12.84496753,-0.2536525976,1.592938313,12.84496753,-0.2536525976,1.592938313,12.84496753,0.11,0.11,
2022-01-26,ED3,1,14.20454545,14.20454545,14.18425325,14.18425325,-0.2536525976,1.592938313,12.84496753,-0.2536525976,1.592938313,12.84496753,0.11,0.125,
2022-01-26,ED4,2,15.90909091,15.90909091,15.01623377,15.01623377,-0.2536525976,1.592938313,12.84496753,-0.2536525976,1.592938313,12.84496753,0.11,0.14,
2022-01-26,ED5,3,15.05681818,15.05681818,15.34090909,15.34090909,-0.2536525976,1.592938313,12.84496753,-0.2536525976,1.592938313,12.84496753,0.11,0.1325,
2022-01-26,ED6,4,15.625,15.625,15.15827922,15.15827922,-0.2536525976,1.592938313,12.84496753,-0.2536525976,1.592938313,12.84496753,0.11,0.1375,
2022-01-26,ED7,5,12.78409091,12.78409091,14.46834415,14.46834415,-0.2536525976,1.592938313,12.84496753,-0.2536525976,1.592938313,12.84496753,0.11,0.1125,
2022-01-26,ED8,6,14.20454545,14.20454545,13.27110389,13.27110389,-0.2536525976,1.592938313,12.84496753,-0.2536525976,1.592938313,12.84496753,0.11,0.125,
2022-03-16,FF2,-1,-3.75,-3.75,,,,,,,,,0.05,-0.015,
2022-03-16,ED2,0,12.5,12.5,13.52678571,13.52678571,-0.5133928571,1.674107143,13.52678571,-0.5133928571,1.674107143,13.52678571,0.05,0.05,
2022-03-16,ED3,1,16.25,16.25,14.6875,14.6875,-0.5133928571,1.674107143,13.52678571,-0.5133928571,1.674107143,13.52678571,0.05,0.065,
2022-03-16,ED4,2,15,15,14.82142857,14.82142857,-0.5133928571,1.674107143,13.52678571,-0.5133928571,1.674107143,13.52678571,0.05,0.06,
2022-03-16,ED5,3,13.75,13.75,13.92857143,13.92857143,-0.5133928571,1.674107143,13.52678571,-0.5133928571,1.674107143,13.52678571,0.05,0.055,
2022-03-16,ED6,4,11.25,11.25,12.00892857,12.00892857,-0.5133928571,1.674107143,13.52678571,-0.5133928571,1.674107143,13.52678571,0.05,0.045,
2022-03-16,ED7,5,8.75,8.75,9.0625,9.0625,-0.5133928571,1.674107143,13.52678571,-0.5133928571,1.674107143,13.52678571,0.05,0.035,
2022-03-16,ED8,6,5.625,5.625,5.089285714,5.089285714,-0.5133928571,1.674107143,13.52678571,-0.5133928571,1.674107143,13.52678571,0.05,0.0225,
2022-05-04,FF2,-1,1.666666667,1.666666667,,,,,,,,,-0.15,-0.045,
2022-05-04,ED2,0,12.5,12.5,13.05555556,13.05555556,-0.2579365076,1.01190476,13.05555556,-0.2579365076,1.01190476,13.05555556,-0.15,-0.15,
2022-05-04,ED3,1,14.16666667,14.16666667,13.80952381,13.80952381,-0.2579365076,1.01190476,13.05555556,-0.2579365076,1.01190476,13.05555556,-0.15,-0.17,
2022-05-04,ED4,2,15,15,14.04761905,14.04761905,-0.2579365076,1.01190476,13.05555556,-0.2579365076,1.01190476,13.05555556,-0.15,-0.18,
2022-05-04,ED5,3,13.75,13.75,13.76984127,13.76984127,-0.2579365076,1.01190476,13.05555556,-0.2579365076,1.01190476,13.05555556,-0.15,-0.165,
2022-05-04,ED6,4,12.08333333,12.08333333,12.97619048,12.97619048,-0.2579365076,1.01190476,13.05555556,-0.2579365076,1.01190476,13.05555556,-0.15,-0.145,
2022-05-04,ED7,5,11.25,11.25,11.66666667,11.66666667,-0.2579365076,1.01190476,13.05555556,-0.2579365076,1.01190476,13.05555556,-0.15,-0.135,
2022-05-04,ED8,6,10.41666667,10.41666667,9.841269843,9.841269843,-0.2579365076,1.01190476,13.05555556,-0.2579365076,1.01190476,13.05555556,-0.15,-0.125,
2022-06-13,FF2,-1,10.64814815,10.64814815,,,,,,,,,0.135,0.115,
2022-06-13,ED2,0,12.5,12.5,12.5,12.5,0.2314814795,-2.083333329,12.5,0.2314814795,-2.083333329,12.5,0.135,0.135,
2022-06-13,ED3,1,10.64814815,10.64814815,10.64814815,10.64814815,0.2314814795,-2.083333329,12.5,0.2314814795,-2.083333329,12.5,0.135,0.115,
2022-06-13,ED4,2,9.259259259,9.259259259,9.259259259,9.259259259,0.2314814795,-2.083333329,12.5,0.2314814795,-2.083333329,12.5,0.135,0.1,
2022-06-13,ED5,3,,,,,0.2314814795,-2.083333329,12.5,0.2314814795,-2.083333329,12.5,0.135,,
2022-06-13,ED6,4,,,,,0.2314814795,-2.083333329,12.5,0.2314814795,-2.083333329,12.5,0.135,,
2022-06-13,ED7,5,,,,,0.2314814795,-2.083333329,12.5,0.2314814795,-2.083333329,12.5,0.135,,
2022-06-13,ED8,6,,,,,0.2314814795,-2.083333329,12.5,0.2314814795,-2.083333329,12.5,0.135,,
2022-06-15,FF2,-1,-2.302631579,-2.302631579,,,,,,,,,-0.19,0.03,
2022-06-15,ED2,0,12.5,12.5,12.22587719,12.22587719,0.1096491228,-1.386278195,12.22587719,0.1096491228,-1.386278195,12.22587719,-0.19,-0.19,
2022-06-15,ED3,1,10.19736842,10.19736842,10.94924812,10.94924812,0.1096491228,-1.386278195,12.22587719,0.1096491228,-1.386278195,12.22587719,-0.19,-0.155,
2022-06-15,ED4,2,10.52631579,10.52631579,9.891917293,9.891917293,0.1096491228,-1.386278195,12.22587719,0.1096491228,-1.386278195,12.22587719,-0.19,-0.16,
2022-06-15,ED5,3,8.881578947,8.881578947,9.053884712,9.053884712,0.1096491228,-1.386278195,12.22587719,0.1096491228,-1.386278195,12.22587719,-0.19,-0.135,
2022-06-15,ED6,4,8.552631579,8.552631579,8.435150376,8.435150376,0.1096491228,-1.386278195,12.22587719,0.1096491228,-1.386278195,12.22587719,-0.19,-0.13,
2022-06-15,ED7,5,7.894736842,7.894736842,8.035714286,8.035714286,0.1096491228,-1.386278195,12.22587719,0.1096491228,-1.386278195,12.22587719,-0.19,-0.12,
2022-06-15,ED8,6,7.894736842,7.894736842,7.855576441,7.855576441,0.1096491228,-1.386278195,12.22587719,0.1096491228,-1.386278195,12.22587719,-0.19,-0.12,
2022-07-27,FF2,-1,1.875,1.875,,,,,,,,,-0.1,-0.015,
2022-07-27,ED2,0,12.5,12.5,14.21130952,14.21130952,-0.2827380952,-0.5357142857,14.21130952,-0.2827380952,-0.5357142857,14.21130952,-0.1,-0.1,
2022-07-27,ED3,1,15.625,15.625,13.39285714,13.39285714,-0.2827380952,-0.5357142857,14.21130952,-0.2827380952,-0.5357142857,14.21130952,-0.1,-0.125,
2022-07-27,ED4,2,13.125,13.125,12.00892857,12.00892857,-0.2827380952,-0.5357142857,14.21130952,-0.2827380952,-0.5357142857,14.21130952,-0.1,-0.105,
2022-07-27,ED5,3,9.375,9.375,10.05952381,10.05952381,-0.2827380952,-0.5357142857,14.21130952,-0.2827380952,-0.5357142857,14.21130952,-0.1,-0.075,
2022-07-27,ED6,4,6.25,6.25,7.544642857,7.544642857,-0.2827380952,-0.5357142857,14.21130952,-0.2827380952,-0.5357142857,14.21130952,-0.1,-0.05,
2022-07-27,ED7,5,3.75,3.75,4.464285714,4.464285714,-0.2827380952,-0.5357142857,14.21130952,-0.2827380952,-0.5357142857,14.21130952,-0.1,-0.03,
2022-07-27,ED8,6,1.875,1.875,0.818452381,0.818452381,-0.2827380952,-0.5357142857,14.21130952,-0.2827380952,-0.5357142857,14.21130952,-0.1,-0.015,
2022-09-21,FF2,-1,-5.147058824,-5.147058824,,,,,,,,,0.085,-0.03,
2022-09-21,ED2,0,12.5,12.5,14.42577031,14.42577031,-0.3764005604,-0.6565126042,14.42577031,-0.3764005604,-0.6565126042,14.42577031,0.085,0.085,
2022-09-21,ED3,1,15.44117647,15.44117647,13.39285714,13.39285714,-0.3764005604,-0.6565126042,14.42577031,-0.3764005604,-0.6565126042,14.42577031,0.085,0.105,
2022-09-21,ED4,2,13.97058824,13.97058824,11.60714286,11.60714286,-0.3764005604,-0.6565126042,14.42577031,-0.3764005604,-0.6565126042,14.42577031,0.085,0.095,
2022-09-21,ED5,3,7.352941176,7.352941176,9.068627452,9.068627452,-0.3764005604,-0.6565126042,14.42577031,-0.3764005604,-0.6565126042,14.42577031,0.085,0.05,
2022-09-21,ED6,4,5.147058824,5.147058824,5.777310925,5.777310925,-0.3764005604,-0.6565126042,14.42577031,-0.3764005604,-0.6565126042,14.42577031,0.085,0.035,
2022-09-21,ED7,5,0,0,1.733193278,1.733193278,-0.3764005604,-0.6565126042,14.42577031,-0.3764005604,-0.6565126042,14.42577031,0.085,0,
2022-09-21,ED8,6,-1.470588235,-1.470588235,-3.063725491,-3.063725491,-0.3764005604,-0.6565126042,14.42577031,-0.3764005604,-0.6565126042,14.42577031,0.085,-0.01,
2022-11-02,FF2,-1,-5.208333333,-5.208333333,,,,,,,,,0.06,-0.01,
2022-11-02,ED2,0,12.5,12.5,14.98015873,13.19317772,-0.9548611111,5.840773809,14.98015873,-0.7225356555,5.355849262,13.19317772,0.06,0.06,2026-05-25T15:08:11+00:00
2022-11-02,ED3,1,21.875,19.21508576,19.86607143,17.82649132,-0.9548611111,5.840773809,14.98015873,-0.7225356555,5.355849262,13.19317772,0.06,0.105,2026-05-25T15:08:11+00:00
2022-11-02,ED4,2,27.08333333,19.82174259,22.8422619,21.01473362,-0.9548611111,5.840773809,14.98015873,-0.7225356555,5.355849262,13.19317772,0.06,0.13,2026-05-25T15:08:11+00:00
2022-11-02,ED5,3,21.875,24.12900694,23.90873016,22.7579046,-0.9548611111,5.840773809,14.98015873,-0.7225356555,5.355849262,13.19317772,0.06,0.105,2026-05-25T15:08:11+00:00
2022-11-02,ED6,4,20.83333333,22.61236486,23.06547619,23.05600428,-0.9548611111,5.840773809,14.98015873,-0.7225356555,5.355849262,13.19317772,0.06,0.1,2026-05-25T15:08:11+00:00
2022-11-02,ED7,5,18.75,20.67106272,20.3125,21.90903264,-0.9548611111,5.840773809,14.98015873,-0.7225356555,5.355849262,13.19317772,0.06,0.09,2026-05-25T15:08:11+00:00
2022-11-02,ED8,6,17.70833333,20.12507101,15.64980158,19.31698969,-0.9548611111,5.840773809,14.98015873,-0.7225356555,5.355849262,13.19317772,0.06,0.085,2026-05-25T15:08:11+00:00
2022-12-14,FF2,-1,0,0,,,,,,,,,0.045,0.0025,
2022-12-14,ED2,0,12.5,12.5,13.69047619,13.69047619,-1.091269841,5.456349206,13.69047619,-1.091269841,5.456349206,13.69047619,0.045,0.045,
2022-12-14,ED3,1,19.44444444,19.44444444,18.05555555,18.05555555,-1.091269841,5.456349206,13.69047619,-1.091269841,5.456349206,13.69047619,0.045,0.07,
2022-12-14,ED4,2,20.83333333,20.83333333,20.23809524,20.23809524,-1.091269841,5.456349206,13.69047619,-1.091269841,5.456349206,13.69047619,0.045,0.075,
2022-12-14,ED5,3,20.83333333,20.83333333,20.23809524,20.23809524,-1.091269841,5.456349206,13.69047619,-1.091269841,5.456349206,13.69047619,0.045,0.075,
2022-12-14,ED6,4,16.66666667,16.66666667,18.05555555,18.05555555,-1.091269841,5.456349206,13.69047619,-1.091269841,5.456349206,13.69047619,0.045,0.06,
2022-12-14,ED7,5,12.5,12.5,13.69047619,13.69047619,-1.091269841,5.456349206,13.69047619,-1.091269841,5.456349206,13.69047619,0.045,0.045,
2022-12-14,ED8,6,8.333333333,8.333333333,7.142857144,7.142857144,-1.091269841,5.456349206,13.69047619,-1.091269841,5.456349206,13.69047619,0.045,0.03,
2023-02-01,FF2,-1,0.9615384615,0.9615384615,,,,,,,,,-0.065,-0.01,
2023-02-01,ED2,0,12.5,12.5,12.20238095,12.20238095,-1.41941392,11.88186813,12.20238095,-1.41941392,11.88186813,12.20238095,-0.065,-0.065,
2023-02-01,ED3,1,22.11538462,22.11538462,22.66483517,22.66483517,-1.41941392,11.88186813,12.20238095,-1.41941392,11.88186813,12.20238095,-0.065,-0.115,
2023-02-01,ED4,2,29.80769231,29.80769231,30.28846154,30.28846154,-1.41941392,11.88186813,12.20238095,-1.41941392,11.88186813,12.20238095,-0.065,-0.155,
2023-02-01,ED5,3,36.53846154,36.53846154,35.07326008,35.07326008,-1.41941392,11.88186813,12.20238095,-1.41941392,11.88186813,12.20238095,-0.065,-0.19,
2023-02-01,ED6,4,36.53846154,36.53846154,37.01923077,37.01923077,-1.41941392,11.88186813,12.20238095,-1.41941392,11.88186813,12.20238095,-0.065,-0.19,
2023-02-01,ED7,5,35.57692308,35.57692308,36.12637363,36.12637363,-1.41941392,11.88186813,12.20238095,-1.41941392,11.88186813,12.20238095,-0.065,-0.185,
2023-02-01,ED8,6,32.69230769,32.69230769,32.39468864,32.39468864,-1.41941392,11.88186813,12.20238095,-1.41941392,11.88186813,12.20238095,-0.065,-0.17,
2023-03-22,FF2,-1,-5.555555556,-5.555555556,,,,,,,,,-0.09,0.035,
2023-03-22,ED2,0,12.5,12.5,11.17724868,11.17724868,-1.331018518,11.3343254,11.17724868,-1.331018518,11.3343254,11.17724868,-0.09,-0.09,
2023-03-22,ED3,1,18.75,18.75,21.18055556,21.18055556,-1.331018518,11.3343254,11.17724868,-1.331018518,11.3343254,11.17724868,-0.09,-0.135,
2023-03-22,ED4,2,28.47222222,28.47222222,28.5218254,28.5218254,-1.331018518,11.3343254,11.17724868,-1.331018518,11.3343254,11.17724868,-0.09,-0.205,
2023-03-22,ED5,3,34.72222222,34.72222222,33.2010582,33.2010582,-1.331018518,11.3343254,11.17724868,-1.331018518,11.3343254,11.17724868,-0.09,-0.25,
2023-03-22,ED6,4,35.41666667,35.41666667,35.21825397,35.21825397,-1.331018518,11.3343254,11.17724868,-1.331018518,11.3343254,11.17724868,-0.09,-0.255,
2023-03-22,ED7,5,34.02777778,34.02777778,34.5734127,34.5734127,-1.331018518,11.3343254,11.17724868,-1.331018518,11.3343254,11.17724868,-0.09,-0.245,
2023-03-22,ED8,6,31.25,31.25,31.26653439,31.26653439,-1.331018518,11.3343254,11.17724868,-1.331018518,11.3343254,11.17724868,-0.09,-0.225,
2023-05-03,FF2,-1,-12.5,-12.5,,,,,,,,,-0.015,0.02,
2023-05-03,ED2,0,12.5,12.5,13.39285714,13.39285714,-2.678571428,19.64285714,13.39285714,-2.678571428,19.64285714,13.39285714,-0.015,-0.015,
2023-05-03,ED3,1,29.16666667,29.16666667,30.35714286,30.35714286,-2.678571428,19.64285714,13.39285714,-2.678571428,19.64285714,13.39285714,-0.015,-0.035,
2023-05-03,ED4,2,45.83333333,45.83333333,41.96428571,41.96428571,-2.678571428,19.64285714,13.39285714,-2.678571428,19.64285714,13.39285714,-0.015,-0.055,
2023-05-03,ED5,3,50,50,48.21428571,48.21428571,-2.678571428,19.64285714,13.39285714,-2.678571428,19.64285714,13.39285714,-0.015,-0.06,
2023-05-03,ED6,4,45.83333333,45.83333333,49.10714286,49.10714286,-2.678571428,19.64285714,13.39285714,-2.678571428,19.64285714,13.39285714,-0.015,-0.055,
2023-05-03,ED7,5,41.66666667,41.66666667,44.64285714,44.64285714,-2.678571428,19.64285714,13.39285714,-2.678571428,19.64285714,13.39285714,-0.015,-0.05,
2023-05-03,ED8,6,37.5,37.5,34.82142857,34.82142857,-2.678571428,19.64285714,13.39285714,-2.678571428,19.64285714,13.39285714,-0.015,-0.045,
2023-06-14,FF2,-1,-2.5,-2.5,,,,,,,,,0.05,-0.015,
2023-06-14,ED2,0,12.5,12.5,14.82142857,14.82142857,-2.366071429,16.20535714,14.82142857,-2.366071429,16.20535714,14.82142857,0.05,0.05,
2023-06-14,ED3,1,31.25,31.25,28.66071429,28.66071429,-2.366071429,16.20535714,14.82142857,-2.366071429,16.20535714,14.82142857,0.05,0.125,
2023-06-14,ED4,2,40,40,37.76785714,37.76785714,-2.366071429,16.20535714,14.82142857,-2.366071429,16.20535714,14.82142857,0.05,0.16,
2023-06-14,ED5,3,41.25,41.25,42.14285714,42.14285714,-2.366071429,16.20535714,14.82142857,-2.366071429,16.20535714,14.82142857,0.05,0.165,
2023-06-14,ED6,4,40,40,41.78571429,41.78571429,-2.366071429,16.20535714,14.82142857,-2.366071429,16.20535714,14.82142857,0.05,0.16,
2023-06-14,ED7,5,35,35,36.69642857,36.69642857,-2.366071429,16.20535714,14.82142857,-2.366071429,16.20535714,14.82142857,0.05,0.14,
2023-06-14,ED8,6,28.75,28.75,26.875,26.875,-2.366071429,16.20535714,14.82142857,-2.366071429,16.20535714,14.82142857,0.05,0.115,
2023-07-26,FF2,-1,-0,-0,,,,,,,,,-0.035,0.005,
2023-07-26,ED2,0,12.5,12.5,12.41496599,12.41496599,-0.8078231289,7.015306121,12.41496599,-0.8078231289,7.015306121,12.41496599,-0.035,-0.035,
2023-07-26,ED3,1,17.85714286,17.85714286,18.62244898,18.62244898,-0.8078231289,7.015306121,12.41496599,-0.8078231289,7.015306121,12.41496599,-0.035,-0.05,
2023-07-26,ED4,2,23.21428571,23.21428571,23.21428571,23.21428571,-0.8078231289,7.015306121,12.41496599,-0.8078231289,7.015306121,12.41496599,-0.035,-0.065,
2023-07-26,ED5,3,28.57142857,28.57142857,26.19047619,26.19047619,-0.8078231289,7.015306121,12.41496599,-0.8078231289,7.015306121,12.41496599,-0.035,-0.08,
2023-07-26,ED6,4,26.78571429,26.78571429,27.55102041,27.55102041,-0.8078231289,7.015306121,12.41496599,-0.8078231289,7.015306121,12.41496599,-0.035,-0.075,
2023-07-26,ED7,5,25,25,27.29591837,27.29591837,-0.8078231289,7.015306121,12.41496599,-0.8078231289,7.015306121,12.41496599,-0.035,-0.07,
2023-07-26,ED8,6,26.78571429,26.78571429,25.42517007,25.42517007,-0.8078231289,7.015306121,12.41496599,-0.8078231289,7.015306121,12.41496599,-0.035,-0.075,
2023-09-20,FF2,-1,-0.8928571429,-0.8928571429,,,,,,,,,0.07,0,
2023-09-20,ED2,0,12.5,12.5,13.49914966,13.49914966,-0.9353741494,5.038265305,13.49914966,-0.9353741494,5.038265305,13.49914966,0.07,0.07,
2023-09-20,ED3,1,17.85714286,17.85714286,17.60204082,17.60204082,-0.9353741494,5.038265305,13.49914966,-0.9353741494,5.038265305,13.49914966,0.07,0.1,
2023-09-20,ED4,2,22.32142857,22.32142857,19.83418367,19.83418367,-0.9353741494,5.038265305,13.49914966,-0.9353741494,5.038265305,13.49914966,0.07,0.125,
2023-09-20,ED5,3,19.64285714,19.64285714,20.19557823,20.19557823,-0.9353741494,5.038265305,13.49914966,-0.9353741494,5.038265305,13.49914966,0.07,0.11,
2023-09-20,ED6,4,17.85714286,17.85714286,18.68622449,18.68622449,-0.9353741494,5.038265305,13.49914966,-0.9353741494,5.038265305,13.49914966,0.07,0.1,
2023-09-20,ED7,5,13.39285714,13.39285714,15.30612245,15.30612245,-0.9353741494,5.038265305,13.49914966,-0.9353741494,5.038265305,13.49914966,0.07,0.075,
2023-09-20,ED8,6,11.60714286,11.60714286,10.05527211,10.05527211,-0.9353741494,5.038265305,13.49914966,-0.9353741494,5.038265305,13.49914966,0.07,0.065,
2023-11-01,FF2,-1,2.272727273,2.272727273,,,,,,,,,-0.055,-0.02,
2023-11-01,ED2,0,12.5,12.5,12.93290044,12.93290044,-0.6764069256,4.626623372,12.93290044,-0.6764069256,4.626623372,12.93290044,-0.055,-0.055,
2023-11-01,ED3,1,17.04545455,17.04545455,16.88311688,16.88311688,-0.6764069256,4.626623372,12.93290044,-0.6764069256,4.626623372,12.93290044,-0.055,-0.075,
2023-11-01,ED4,2,20.45454545,20.45454545,19.48051948,19.48051948,-0.6764069256,4.626623372,12.93290044,-0.6764069256,4.626623372,12.93290044,-0.055,-0.09,
2023-11-01,ED5,3,20.45454545,20.45454545,20.72510822,20.72510822,-0.6764069256,4.626623372,12.93290044,-0.6764069256,4.626623372,12.93290044,-0.055,-0.09,
2023-11-01,ED6,4,20.45454545,20.45454545,20.61688311,20.61688311,-0.6764069256,4.626623372,12.93290044,-0.6764069256,4.626623372,12.93290044,-0.055,-0.09,
2023-11-01,ED7,5,18.18181818,18.18181818,19.15584415,19.15584415,-0.6764069256,4.626623372,12.93290044,-0.6764069256,4.626623372,12.93290044,-0.055,-0.08,
2023-11-01,ED8,6,17.04545455,17.04545455,16.34199135,16.34199135,-0.6764069256,4.626623372,12.93290044,-0.6764069256,4.626623372,12.93290044,-0.055,-0.075,
2023-12-13,FF2,-1,-0,-0,,,,,,,,,-0.135,0,
2023-12-13,ED2,0,12.5,12.5,13.414903,13.414903,-0.9645061725,6.762566136,13.414903,-0.9645061725,6.762566136,13.414903,-0.135,-0.135,
2023-12-13,ED3,1,20.37037037,20.37037037,19.21296296,19.21296296,-0.9645061725,6.762566136,13.414903,-0.9645061725,6.762566136,13.414903,-0.135,-0.22,
2023-12-13,ED4,2,23.61111111,23.61111111,23.08201058,23.08201058,-0.9645061725,6.762566136,13.414903,-0.9645061725,6.762566136,13.414903,-0.135,-0.255,
2023-12-13,ED5,3,25,25,25.02204585,25.02204585,-0.9645061725,6.762566136,13.414903,-0.9645061725,6.762566136,13.414903,-0.135,-0.27,
2023-12-13,ED6,4,24.07407407,24.07407407,25.03306878,25.03306878,-0.9645061725,6.762566136,13.414903,-0.9645061725,6.762566136,13.414903,-0.135,-0.26,
2023-12-13,ED7,5,22.68518519,22.68518519,23.11507937,23.11507937,-0.9645061725,6.762566136,13.414903,-0.9645061725,6.762566136,13.414903,-0.135,-0.245,
2023-12-13,ED8,6,19.90740741,19.90740741,19.26807761,19.26807761,-0.9645061725,6.762566136,13.414903,-0.9645061725,6.762566136,13.414903,-0.135,-0.215,
2024-01-31,FF2,-1,0.8928571429,0.8928571429,,,,,,,,,0.035,0.0025,
2024-01-31,ED2,0,12.5,12.5,12.88265306,12.88265306,0.1275510204,-2.806122449,12.88265306,0.1275510204,-2.806122449,12.88265306,0.035,0.035,
2024-01-31,ED3,1,10.71428571,10.71428571,10.20408163,10.20408163,0.1275510204,-2.806122449,12.88265306,0.1275510204,-2.806122449,12.88265306,0.035,0.03,
2024-01-31,ED4,2,8.928571429,8.928571429,7.780612244,7.780612244,0.1275510204,-2.806122449,12.88265306,0.1275510204,-2.806122449,12.88265306,0.035,0.025,
2024-01-31,ED5,3,3.571428571,3.571428571,5.612244897,5.612244897,0.1275510204,-2.806122449,12.88265306,0.1275510204,-2.806122449,12.88265306,0.035,0.01,
2024-01-31,ED6,4,3.571428571,3.571428571,3.698979591,3.698979591,0.1275510204,-2.806122449,12.88265306,0.1275510204,-2.806122449,12.88265306,0.035,0.01,
2024-01-31,ED7,5,3.571428571,3.571428571,2.040816326,2.040816326,0.1275510204,-2.806122449,12.88265306,0.1275510204,-2.806122449,12.88265306,0.035,0.01,
2024-01-31,ED8,6,0,0,0.6377551021,0.6377551021,0.1275510204,-2.806122449,12.88265306,0.1275510204,-2.806122449,12.88265306,0.035,0,
2024-03-20,FF2,-1,-0,-0,,,,,,,,,-0.075,-0.005,
2024-03-20,ED2,0,12.5,12.5,12.99603174,12.99603174,-0.2579365081,0.1190476202,12.99603174,-0.2579365081,0.1190476202,12.99603174,-0.075,-0.075,
2024-03-20,ED3,1,13.33333333,13.33333333,12.85714286,12.85714286,-0.2579365081,0.1190476202,12.99603174,-0.2579365081,0.1190476202,12.99603174,-0.075,-0.08,
2024-03-20,ED4,2,12.5,12.5,12.20238095,12.20238095,-0.2579365081,0.1190476202,12.99603174,-0.2579365081,0.1190476202,12.99603174,-0.075,-0.075,
2024-03-20,ED5,3,11.66666667,11.66666667,11.03174603,11.03174603,-0.2579365081,0.1190476202,12.99603174,-0.2579365081,0.1190476202,12.99603174,-0.075,-0.07,
2024-03-20,ED6,4,8.333333333,8.333333333,9.345238096,9.345238096,-0.2579365081,0.1190476202,12.99603174,-0.2579365081,0.1190476202,12.99603174,-0.075,-0.05,
2024-03-20,ED7,5,6.666666667,6.666666667,7.142857143,7.142857143,-0.2579365081,0.1190476202,12.99603174,-0.2579365081,0.1190476202,12.99603174,-0.075,-0.04,
2024-03-20,ED8,6,5,5,4.424603175,4.424603175,-0.2579365081,0.1190476202,12.99603174,-0.2579365081,0.1190476202,12.99603174,-0.075,-0.03,
2024-05-01,FF2,-1,-0,-0,,,,,,,,,-0.03,-0.005,
2024-05-01,ED2,0,12.5,12.5,13.46726191,13.46726191,-1.450892857,10.37946428,13.46726191,-1.450892857,10.37946428,13.46726191,-0.03,-0.03,
2024-05-01,ED3,1,22.91666667,22.91666667,22.39583333,22.39583333,-1.450892857,10.37946428,13.46726191,-1.450892857,10.37946428,13.46726191,-0.03,-0.055,
2024-05-01,ED4,2,30.20833333,30.20833333,28.42261905,28.42261905,-1.450892857,10.37946428,13.46726191,-1.450892857,10.37946428,13.46726191,-0.03,-0.0725,
2024-05-01,ED5,3,31.25,31.25,31.54761905,31.54761905,-1.450892857,10.37946428,13.46726191,-1.450892857,10.37946428,13.46726191,-0.03,-0.075,
2024-05-01,ED6,4,31.25,31.25,31.77083333,31.77083333,-1.450892857,10.37946428,13.46726191,-1.450892857,10.37946428,13.46726191,-0.03,-0.075,
2024-05-01,ED7,5,27.08333333,27.08333333,29.0922619,29.0922619,-1.450892857,10.37946428,13.46726191,-1.450892857,10.37946428,13.46726191,-0.03,-0.065,
2024-05-01,ED8,6,25,25,23.51190476,23.51190476,-1.450892857,10.37946428,13.46726191,-1.450892857,10.37946428,13.46726191,-0.03,-0.06,
2024-06-12,FF2,-1,0,0,,,,,,,,,0.03,0.005,
2024-06-12,ED2,0,12.5,12.5,14.08730159,14.08730159,-1.066468254,9.449404764,14.08730159,-1.066468254,9.449404764,14.08730159,0.03,0.03,
2024-06-12,ED3,1,25,25,22.4702381,22.4702381,-1.066468254,9.449404764,14.08730159,-1.066468254,9.449404764,14.08730159,0.03,0.06,
2024-06-12,ED4,2,29.16666667,29.16666667,28.7202381,28.7202381,-1.066468254,9.449404764,14.08730159,-1.066468254,9.449404764,14.08730159,0.03,0.07,
2024-06-12,ED5,3,31.25,31.25,32.83730159,32.83730159,-1.066468254,9.449404764,14.08730159,-1.066468254,9.449404764,14.08730159,0.03,0.075,
2024-06-12,ED6,4,35.41666667,35.41666667,34.82142857,34.82142857,-1.066468254,9.449404764,14.08730159,-1.066468254,9.449404764,14.08730159,0.03,0.085,
2024-06-12,ED7,5,33.33333333,33.33333333,34.67261905,34.67261905,-1.066468254,9.449404764,14.08730159,-1.066468254,9.449404764,14.08730159,0.03,0.08,
2024-06-12,ED8,6,33.33333333,33.33333333,32.39087301,32.39087301,-1.066468254,9.449404764,14.08730159,-1.066468254,9.449404764,14.08730159,0.03,0.08,
2024-07-31,FF2,-1,-0.5208333333,-0.5208333333,,,,,,,,,-0.06,0,
2024-07-31,ED2,0,12.5,12.5,12.54960317,12.54960317,-0.570436508,4.092261905,12.54960317,-0.570436508,4.092261905,12.54960317,-0.06,-0.06,
2024-07-31,ED3,1,15.625,15.625,16.07142857,16.07142857,-0.570436508,4.092261905,12.54960317,-0.570436508,4.092261905,12.54960317,-0.06,-0.075,
2024-07-31,ED4,2,19.79166667,19.79166667,18.45238095,18.45238095,-0.570436508,4.092261905,12.54960317,-0.570436508,4.092261905,12.54960317,-0.06,-0.095,
2024-07-31,ED5,3,18.75,18.75,19.69246032,19.69246032,-0.570436508,4.092261905,12.54960317,-0.570436508,4.092261905,12.54960317,-0.06,-0.09,
2024-07-31,ED6,4,19.79166667,19.79166667,19.79166667,19.79166667,-0.570436508,4.092261905,12.54960317,-0.570436508,4.092261905,12.54960317,-0.06,-0.095,
2024-07-31,ED7,5,18.75,18.75,18.75,18.75,-0.570436508,4.092261905,12.54960317,-0.570436508,4.092261905,12.54960317,-0.06,-0.09,
2024-07-31,ED8,6,16.66666667,16.66666667,16.56746032,16.56746032,-0.570436508,4.092261905,12.54960317,-0.570436508,4.092261905,12.54960317,-0.06,-0.08,
2024-09-18,FF2,-1,19.64285714,19.64285714,,,,,,,,,-0.07,-0.11,
2024-09-18,ED2,0,12.5,12.5,12.62755102,12.78956524,0.1594387755,-4.049744898,12.62755102,0.4468048224,-4.811050887,12.78956524,-0.07,-0.07,2026-05-25T15:08:37+00:00
2024-09-18,ED3,1,8.035714286,8.035714286,8.737244898,8.425319174,0.1594387755,-4.049744898,12.62755102,0.4468048224,-4.811050887,12.78956524,-0.07,-0.045,2026-05-25T15:08:37+00:00
2024-09-18,ED4,2,7.142857143,7.142857143,5.165816327,4.954682754,0.1594387755,-4.049744898,12.62755102,0.4468048224,-4.811050887,12.78956524,-0.07,-0.04,2026-05-25T15:08:37+00:00
2024-09-18,ED5,3,0.8928571429,0.8928571429,1.913265306,2.377655979,0.1594387755,-4.049744898,12.62755102,0.4468048224,-4.811050887,12.78956524,-0.07,-0.005,2026-05-25T15:08:37+00:00
2024-09-18,ED6,4,-0.8928571429,0.2591164881,-1.020408163,0.6942388485,0.1594387755,-4.049744898,12.62755102,0.4468048224,-4.811050887,12.78956524,-0.07,0.005,2026-05-25T15:08:37+00:00
2024-09-18,ED7,5,-4.464285714,0.1617909099,-3.635204081,-0.09556863699,0.1594387755,-4.049744898,12.62755102,0.4468048224,-4.811050887,12.78956524,-0.07,0.025,2026-05-25T15:08:37+00:00
2024-09-18,ED8,6,-5.357142857,0.1617909099,-5.931122449,0.008233522429,0.1594387755,-4.049744898,12.62755102,0.4468048224,-4.811050887,12.78956524,-0.07,0.03,2026-05-25T15:08:37+00:00
2024-11-07,FF2,-1,4.166666667,4.166666667,,,,,,,,,0.015,0,
2024-11-07,ED2,0,12.5,12.5,14.48412699,13.66867541,-0.496031746,-0.2976190478,14.48412699,-0.02661802299,-2.061767724,13.66867541,0.015,0.015,2026-05-25T15:08:54+00:00
2024-11-07,ED3,1,16.66666667,12.75895331,13.69047619,11.58028966,-0.496031746,-0.2976190478,14.48412699,-0.02661802299,-2.061767724,13.66867541,0.015,0.02,2026-05-25T15:08:54+00:00
2024-11-07,ED4,2,12.5,9.989330231,11.90476191,9.438667868,-0.496031746,-0.2976190478,14.48412699,-0.02661802299,-2.061767724,13.66867541,0.015,0.015,2026-05-25T15:08:54+00:00
2024-11-07,ED5,3,8.333333333,8.333333333,9.126984127,7.243810029,-0.496031746,-0.2976190478,14.48412699,-0.02661802299,-2.061767724,13.66867541,0.015,0.01,2026-05-25T15:08:54+00:00
2024-11-07,ED6,4,4.166666667,4.166666667,5.357142857,4.995716144,-0.496031746,-0.2976190478,14.48412699,-0.02661802299,-2.061767724,13.66867541,0.015,0.005,2026-05-25T15:08:54+00:00
2024-11-07,ED7,5,0,0,0.5952380951,2.694386214,-0.496031746,-0.2976190478,14.48412699,-0.02661802299,-2.061767724,13.66867541,0.015,0,2026-05-25T15:08:54+00:00
2024-11-07,ED8,6,-4.166666667,2.213082019,-5.158730159,0.3398202372,-0.496031746,-0.2976190478,14.48412699,-0.02661802299,-2.061767724,13.66867541,0.015,-0.005,2026-05-25T15:08:54+00:00
2024-12-18,FF2,-1,-1.086956522,-1.086956522,,,,,,,,,0.115,-0.01,
2024-12-18,ED2,0,12.5,12.5,13.04347826,13.04347826,-0.4658385092,3.260869565,13.04347826,-0.4658385092,3.260869565,13.04347826,0.115,0.115,
2024-12-18,ED3,1,16.30434783,16.30434783,15.83850932,15.83850932,-0.4658385092,3.260869565,13.04347826,-0.4658385092,3.260869565,13.04347826,0.115,0.15,
2024-12-18,ED4,2,18.47826087,18.47826087,17.70186336,17.70186336,-0.4658385092,3.260869565,13.04347826,-0.4658385092,3.260869565,13.04347826,0.115,0.17,
2024-12-18,ED5,3,18.47826087,18.47826087,18.63354037,18.63354037,-0.4658385092,3.260869565,13.04347826,-0.4658385092,3.260869565,13.04347826,0.115,0.17,
2024-12-18,ED6,4,17.93478261,17.93478261,18.63354037,18.63354037,-0.4658385092,3.260869565,13.04347826,-0.4658385092,3.260869565,13.04347826,0.115,0.165,
2024-12-18,ED7,5,17.39130435,17.39130435,17.70186336,17.70186336,-0.4658385092,3.260869565,13.04347826,-0.4658385092,3.260869565,13.04347826,0.115,0.16,
2024-12-18,ED8,6,16.30434783,16.30434783,15.83850932,15.83850932,-0.4658385092,3.260869565,13.04347826,-0.4658385092,3.260869565,13.04347826,0.115,0.15,
2025-03-19,FF2,-1,-0,-0,,,,,,,,,-0.075,0.005,
2025-03-19,ED2,0,12.5,12.5,12.6984127,12.6984127,-0.7341269838,5.416666665,12.6984127,-0.7341269838,5.416666665,12.6984127,-0.075,-0.075,
2025-03-19,ED3,1,17.5,17.5,17.38095238,17.38095238,-0.7341269838,5.416666665,12.6984127,-0.7341269838,5.416666665,12.6984127,-0.075,-0.105,
2025-03-19,ED4,2,20.83333333,20.83333333,20.59523809,20.59523809,-0.7341269838,5.416666665,12.6984127,-0.7341269838,5.416666665,12.6984127,-0.075,-0.125,
2025-03-19,ED5,3,22.5,22.5,22.34126984,22.34126984,-0.7341269838,5.416666665,12.6984127,-0.7341269838,5.416666665,12.6984127,-0.075,-0.135,
2025-03-19,ED6,4,22.5,22.5,22.61904762,22.61904762,-0.7341269838,5.416666665,12.6984127,-0.7341269838,5.416666665,12.6984127,-0.075,-0.135,
2025-03-19,ED7,5,20.83333333,20.83333333,21.42857143,21.42857143,-0.7341269838,5.416666665,12.6984127,-0.7341269838,5.416666665,12.6984127,-0.075,-0.125,
2025-03-19,ED8,6,19.16666667,19.16666667,18.76984127,18.76984127,-0.7341269838,5.416666665,12.6984127,-0.7341269838,5.416666665,12.6984127,-0.075,-0.115,
2025-06-18,FF2,-1,-0,-0,,,,,,,,,-0.025,0.005,
2025-06-18,ED2,0,12.5,12.5,12.79761905,12.79761905,0.505952381,-7.410714286,12.79761905,0.505952381,-7.410714286,12.79761905,-0.025,-0.025,
2025-06-18,ED3,1,5,5,5.892857143,5.892857143,0.505952381,-7.410714286,12.79761905,0.505952381,-7.410714286,12.79761905,-0.025,-0.01,
2025-06-18,ED4,2,2.5,2.5,8.881784197e-15,8.881784197e-15,0.505952381,-7.410714286,12.79761905,0.505952381,-7.410714286,12.79761905,-0.025,-0.005,
2025-06-18,ED5,3,-5,-5,-4.880952381,-4.880952381,0.505952381,-7.410714286,12.79761905,0.505952381,-7.410714286,12.79761905,-0.025,0.01,
2025-06-18,ED6,4,-10,-10,-8.75,-8.75,0.505952381,-7.410714286,12.79761905,0.505952381,-7.410714286,12.79761905,-0.025,0.02,
2025-06-18,ED7,5,-12.5,-12.5,-11.60714286,-11.60714286,0.505952381,-7.410714286,12.79761905,0.505952381,-7.410714286,12.79761905,-0.025,0.025,
2025-06-18,ED8,6,-12.5,-12.5,-13.45238095,-13.45238095,0.505952381,-7.410714286,12.79761905,0.505952381,-7.410714286,12.79761905,-0.025,0.025,
2025-07-30,FF2,-1,0.78125,0.78125,,,,,,,,,0.08,0.005,
2025-07-30,ED2,0,12.5,12.5,12.98363095,12.98363095,0.01860119048,-1.618303571,12.98363095,0.01860119048,-1.618303571,12.98363095,0.08,0.08,
2025-07-30,ED3,1,12.5,12.5,11.38392857,11.38392857,0.01860119048,-1.618303571,12.98363095,0.01860119048,-1.618303571,12.98363095,0.08,0.08,
2025-07-30,ED4,2,9.375,9.375,9.821428571,9.821428571,0.01860119048,-1.618303571,12.98363095,0.01860119048,-1.618303571,12.98363095,0.08,0.06,
2025-07-30,ED5,3,7.8125,7.8125,8.296130952,8.296130952,0.01860119048,-1.618303571,12.98363095,0.01860119048,-1.618303571,12.98363095,0.08,0.05,
2025-07-30,ED6,4,7.03125,7.03125,6.808035714,6.808035714,0.01860119048,-1.618303571,12.98363095,0.01860119048,-1.618303571,12.98363095,0.08,0.045,
2025-07-30,ED7,5,5.46875,5.46875,5.357142857,5.357142857,0.01860119048,-1.618303571,12.98363095,0.01860119048,-1.618303571,12.98363095,0.08,0.035,
2025-07-30,ED8,6,3.90625,3.90625,3.943452381,3.943452381,0.01860119048,-1.618303571,12.98363095,0.01860119048,-1.618303571,12.98363095,0.08,0.025,
2025-09-17,FF2,-1,,,,,,,,,,,-0.025,0.01,
2025-09-17,ED2,0,12.5,12.5,12.44047619,12.4235019,0.1488095238,-4.196428571,12.44047619,0.4949573033,-4.985161007,12.4235019,-0.025,-0.025,2026-05-25T15:09:33+00:00
2025-09-17,ED3,1,7.5,7.5,8.392857143,7.933298193,0.1488095238,-4.196428571,12.44047619,0.4949573033,-4.985161007,12.4235019,-0.025,-0.015,2026-05-25T15:09:33+00:00
2025-09-17,ED4,2,7.5,5.309789005,4.642857143,4.433009095,0.1488095238,-4.196428571,12.44047619,0.4949573033,-4.985161007,12.4235019,-0.025,-0.015,2026-05-25T15:09:33+00:00
2025-09-17,ED5,3,-2.5,1.364969818,1.19047619,1.922634604,0.1488095238,-4.196428571,12.44047619,0.4949573033,-4.985161007,12.4235019,-0.025,0.005,2026-05-25T15:09:33+00:00
2025-09-17,ED6,4,-0,0,-1.964285714,0.4021747199,0.1488095238,-4.196428571,12.44047619,0.4949573033,-4.985161007,12.4235019,-0.025,0,2026-05-25T15:09:33+00:00
2025-09-17,ED7,5,-5,0.5493559464,-4.821428571,-0.1283705579,0.1488095238,-4.196428571,12.44047619,0.4949573033,-4.985161007,12.4235019,-0.025,0.01,2026-05-25T15:09:33+00:00
2025-09-17,ED8,6,-7.5,0.0931319527,-7.380952381,0.330998771,0.1488095238,-4.196428571,12.44047619,0.4949573033,-4.985161007,12.4235019,-0.025,0.015,2026-05-25T15:09:33+00:00
2025-10-29,FF2,-1,,,,,,,,,,,0.115,0.03,
2025-10-29,ED2,0,12.5,12.5,12.59057971,12.59057971,0.239389234,-2.542701864,12.59057971,0.239389234,-2.542701864,12.59057971,0.115,0.115,
2025-10-29,ED3,1,10.32608696,10.32608696,10.28726708,10.28726708,0.239389234,-2.542701864,12.59057971,0.239389234,-2.542701864,12.59057971,0.115,0.095,
2025-10-29,ED4,2,8.695652174,8.695652174,8.46273292,8.46273292,0.239389234,-2.542701864,12.59057971,0.239389234,-2.542701864,12.59057971,0.115,0.08,
2025-10-29,ED5,3,7.065217391,7.065217391,7.116977226,7.116977226,0.239389234,-2.542701864,12.59057971,0.239389234,-2.542701864,12.59057971,0.115,0.065,
2025-10-29,ED6,4,5.97826087,5.97826087,6.25,6.25,0.239389234,-2.542701864,12.59057971,0.239389234,-2.542701864,12.59057971,0.115,0.055,
2025-10-29,ED7,5,5.97826087,5.97826087,5.861801243,5.861801243,0.239389234,-2.542701864,12.59057971,0.239389234,-2.542701864,12.59057971,0.115,0.055,
2025-10-29,ED8,6,5.97826087,5.97826087,5.952380953,5.952380953,0.239389234,-2.542701864,12.59057971,0.239389234,-2.542701864,12.59057971,0.115,0.055,
2025-12-10,FF2,-1,,,,,,,,,,,-0.035,0,
2025-12-10,ED2,0,12.5,12.5,13.35034013,13.35034013,-0.2125850345,1.147959187,13.35034013,-0.2125850345,1.147959187,13.35034013,-0.035,-0.035,
2025-12-10,ED3,1,16.07142857,16.07142857,14.28571429,14.28571429,-0.2125850345,1.147959187,13.35034013,-0.2125850345,1.147959187,13.35034013,-0.035,-0.045,
2025-12-10,ED4,2,14.28571429,14.28571429,14.79591837,14.79591837,-0.2125850345,1.147959187,13.35034013,-0.2125850345,1.147959187,13.35034013,-0.035,-0.04,
2025-12-10,ED5,3,14.28571429,14.28571429,14.88095239,14.88095239,-0.2125850345,1.147959187,13.35034013,-0.2125850345,1.147959187,13.35034013,-0.035,-0.04,
2025-12-10,ED6,4,14.28571429,14.28571429,14.54081633,14.54081633,-0.2125850345,1.147959187,13.35034013,-0.2125850345,1.147959187,13.35034013,-0.035,-0.04,
2025-12-10,ED7,5,14.28571429,14.28571429,13.77551021,13.77551021,-0.2125850345,1.147959187,13.35034013,-0.2125850345,1.147959187,13.35034013,-0.035,-0.04,
2025-12-10,ED8,6,12.5,12.5,12.58503401,12.58503401,-0.2125850345,1.147959187,13.35034013,-0.2125850345,1.147959187,13.35034013,-0.035,-0.035,
2026-03-18,FF2,-1,,,,,,,,,,,0.035,0.005,
2026-03-18,ED2,0,12.5,12.5,13.35034014,13.35034014,-0.6590136051,4.017857141,13.35034014,-0.6590136051,4.017857141,13.35034014,0.035,0.035,
2026-03-18,ED3,1,17.85714286,17.85714286,16.70918367,16.70918367,-0.6590136051,4.017857141,13.35034014,-0.6590136051,4.017857141,13.35034014,0.035,0.05,
2026-03-18,ED4,2,19.64285714,19.64285714,18.75,18.75,-0.6590136051,4.017857141,13.35034014,-0.6590136051,4.017857141,13.35034014,0.035,0.055,
2026-03-18,ED5,3,17.85714286,17.85714286,19.47278911,19.47278911,-0.6590136051,4.017857141,13.35034014,-0.6590136051,4.017857141,13.35034014,0.035,0.05,
2026-03-18,ED6,4,19.64285714,19.64285714,18.87755102,18.87755102,-0.6590136051,4.017857141,13.35034014,-0.6590136051,4.017857141,13.35034014,0.035,0.055,
2026-03-18,ED7,5,16.07142857,16.07142857,16.96428571,16.96428571,-0.6590136051,4.017857141,13.35034014,-0.6590136051,4.017857141,13.35034014,0.035,0.045,
2026-03-18,ED8,6,14.28571429,14.28571429,13.7329932,13.7329932,-0.6590136051,4.017857141,13.35034014,-0.6590136051,4.017857141,13.35034014,0.035,0.04,
2026-04-29,FF2,-1,,,,,,,,,,,0.02,0.0025,
2026-04-29,ED2,0,12.5,12.5,14.0625,13.85659417,-1.785714286,9.598214286,14.0625,-1.682761371,9.083449714,13.85659417,0.02,0.02,2026-05-25T14:21:40+00:00
2026-04-29,ED3,1,21.875,21.875,21.875,21.25728251,-1.785714286,9.598214286,14.0625,-1.682761371,9.083449714,13.85659417,0.02,0.035,2026-05-25T14:21:40+00:00
2026-04-29,ED4,2,31.25,28.3673184,26.11607143,25.29244811,-1.785714286,9.598214286,14.0625,-1.682761371,9.083449714,13.85659417,0.02,0.05,2026-05-25T14:21:40+00:00
2026-04-29,ED5,3,25,25,26.78571429,25.96209097,-1.785714286,9.598214286,14.0625,-1.682761371,9.083449714,13.85659417,0.02,0.04,2026-05-25T14:21:40+00:00
2026-04-29,ED6,4,21.875,21.875,23.88392857,23.26621109,-1.785714286,9.598214286,14.0625,-1.682761371,9.083449714,13.85659417,0.02,0.035,2026-05-25T14:21:40+00:00
2026-04-29,ED7,5,15.625,15.625,17.41071429,17.20480846,-1.785714286,9.598214286,14.0625,-1.682761371,9.083449714,13.85659417,0.02,0.025,2026-05-25T14:21:40+00:00
2026-04-29,ED8,6,9.375,9.375,7.366071429,7.777883086,-1.785714286,9.598214286,14.0625,-1.682761371,9.083449714,13.85659417,0.02,0.015,2026-05-25T14:21:40+00:00
